16,0,1,0,0,0,0,1,1,0,0,0,0,0,0,0,1,0,0,0,0,0,0,0,2,0,0,1,1,0,1,0,1,0,0,0,0,0,1,0,0,0,0,0,1,0,1,0,0,0,1,1,3,1,1,2,1,4,114,94,2,0,0,1,1,53,240,189,44,4,0,1,0,5,64,53,5,5,10,2,0,0,0,0,0,1,0,1,1,0,0,0,0,1,0,0,1,0,0,0,0,0,0,0,2,0,0,0,0,1,1,0,1,0,0,0,0,1,0,0,0,0,0,0,0,0,0,0,0,0,68,46,3,2,0,2,1,118,250,216,3,0,0,0,1,198,185,243,124,3,0,0,0,7,115,169,155,88,68,3,0,0,0,0,0,1,0,1,1,0,0,0,0,0,0,1,1,0,0,0,0,0,0,1,2,0,0,0,0,0,1,0,1,0,0,0,0,1,0,0,0,0,2,1,0,0,0,0,0,6,143,158,2,0,0,1,1,193,247,219,126,0,0,0,0,197,138,107,167,83,42,5,0,0,0,70,147,248,271,91,0,0,0,0,0,1,0,0,0,0,0,0,0,0,0,0,0,0,0,0,0,0,0,1,2,0,0,0,0,0,0,0,1,0,0,0,0,0,0,0,0,0,2,2,0,0,0,0,0,9,137,153,4,0,0,1,1,152,249,222,123,0,0,0,0,153,138,108,164,121,42,49,0,0,0,67,143,247,271,134,0,0,0,0,0,0,0,0,0,0,0,0,0,0,0,0,0,0,0,0,0,0,0,0,0,0,0,0,0,0,0,1,0,0,0,0,0,0,0,0,0,0,2,2,0,0,0,0,0,14,84,111,5,0,0,0,0,147,251,227,120,0,0,0,0,72,139,113,164,119,96,42,0,0,0,5,136,249,270,0,0,1,0,0,0,0,0,0,0,1,0,0,0,0,0,0,0,0,0,0,0,0,0,0,0,0,0,0,0,0,0,0,0,1,0,0,0,0,0,0,0,1,4,4,1,0,0,0,0,58,133,114,7,0,0,0,0,102,252,229,122,0,0,0,0,14,1,115,167,223,202,42,0,0,0,0,60,250,228,0,0,0,0,0,0,0,0,0,0,1,0,0,0,0,0,0,0,0,0,0,0,0,0,0,0,0,0,0,0,0,0,0,0,3,46,52,1,0,0,0,0,6,112,214,56,0,0,0,0,12,47,199,143,146,124,1,0,12,0,0,126,235,232,66,0,0,0,0,52,122,90,42,0,0,0,2,0,33,25,0,0,1,2,0,2,0,0,0,0,1,0,0,0,0,0,0,0,1,1,0,0,0,0,0,0,1,47,41,2,0,0,0,0,5,47,110,54,0,0,1,0,5,15,112,118,160,148,43,0,8,0,14,142,222,222,78,0,10,8,0,21,113,61,24,1,0,0,0,1,15,26,38,1,0,0,1,0,28,20,0,1,1,3,1,1,0,0,0,0,1,1,1,0,0,0,0,0,1,4,0,0,0,0,0,0,1,46,41,50,0,0,0,0,4,42,53,119,188,148,42,0,3,11,33,119,243,210,42,0,6,0,11,56,101,43,37,0,8,6,0,17,30,9,23,3,0,0,0,1,10,22,34,2,0,0,2,0,23,16,0,1,1,4,1,3,0,0,0,0,1,4,45,1,0,2,0,0,0,7,4,79,187,55,3,0,0,0,32,170,281,135,1,0,0,0,9,41,112,82,37,0,0,7,25,17,11,42,35,54,0,0,7,5,26,32,34,43,0,3,0,11,21,5,18,8,2,0,0,0,3,15,26,3,2,1,1,0,15,12,0,2,48,3,48,109,92,0,0,0,1,1,44,56,163,151,51,0,0,0,2,0,145,222,201,162,0,0,0,0,5,150,248,260,0,0,5,1,0,29,103,93,0,0,14,9,10,29,36,8,0,1,3,6,18,20,25,29,0,0,0,6,11,2,12,4,5,2,5,0,0,0,0,0,4,0,1,0,0,0,0,2,40,2,46,58,89,0,0,0,0,0,1,8,159,211,144,51,0,0,0,0,46,218,249,160,0,0,0,0,5,67,127,130,0,0,6,2,0,24,51,91,0,0,13,8,8,25,32,7,1,1,2,7,16,16,22,24,0,0,0,5,9,1,10,3,0,2,6,1,0,0,0,0,1,0,2,1,0,0,0,2,37,1,41,54,45,46,39,0,0,0,0,7,78,120,73,47,0,0,0,0,46,63,89,27,0,0,0,0,8,25,71,43,0,0,6,2,0,24,50,47,0,0,11,6,6,23,28,5,0,1,0,5,14,14,20,20,0,0,0,3,7,1,9,1,0,2,6,0,0,0,0,0,1,0,0,0,0,0,0,0,30,0,0,12,40,40,34,0,0,0,1,5,20,44,12,40,0,0,0,0,39,16,42,21,0,38,6,0,9,24,14,0,0,1,0,3,0,19,3,2,0,0,0,4,3,19,22,2,0,0,0,4,12,11,16,15,0,0,0,1,4,0,6,0,1,0,0,0,3,0,0,1,2,0,0,0,0,0,0,0,28,0,0,12,38,37,32,0,0,0,2,5,19,41,12,37,0,0,1,1,36,15,39,19,0,37,8,1,8,23,13,0,0,2,1,4,0,18,2,1,0,0,0,3,3,17,20,2,0,1,1,5,11,10,15,14,0,1,1,1,3,0,5,1,1,0,0,0,2,0,0,1,2,0,0,1,0,0,0,0,24,0,0,10,34,33,28,0,0,0,2,3,17,36,10,32,0,0,1,0,31,13,33,16,1,33,10,1,6,20,11,0,1,2,0,2,0,16,2,0,0,0,0,1,1,14,18,0,0,0,1,5,10,8,13,11,0,0,1,0,2,0,4,0,2,0,0,0,2,0,0,1,3,0,0,1,0,0,0,0,-0.013115627107481204,0.32852181639063815,-0.07353345924874426,-0.01847774266597213,0.33249382505465686,-0.0744303535266039,-0.018509394141618476,0.3340238597666137,-0.0744303535266039,-0.012190123308026534,0.12166555949159145,-0.07362372364087932,0.050120534263566156,0.34043636255875975,-0.06835869813873281,0.0821888064218681,0.4212864238371983,-0.09790246612513537
17,0,0,0,0,0,2,0,0,0,0,0,0,1,0,0,0,0,0,0,1,0,1,0,1,0,1,2,1,1,1,1,0,7,4,4,2,1,0,0,2,154,43,4,0,0,0,0,0,183,5,0,0,0,1,3,0,71,9,4,2,2,1,1,0,7,0,3,2,10,1,1,0,1,0,3,1,3,4,0,0,0,0,1,0,0,1,1,1,0,0,1,0,0,2,1,1,0,1,2,2,0,0,1,1,37,45,4,7,2,0,1,0,342,155,44,0,0,1,2,4,536,354,84,0,0,0,0,0,533,371,78,4,1,0,4,2,440,414,293,122,58,3,1,4,142,253,396,281,84,7,4,1,45,62,125,91,56,13,2,1,1,0,0,0,0,0,0,0,0,0,0,0,0,2,1,0,1,2,2,1,0,0,0,0,35,43,4,9,3,0,0,0,340,157,43,1,0,1,2,4,534,357,85,0,0,0,0,0,532,371,76,5,2,0,2,2,443,371,207,82,58,1,0,4,139,189,224,183,84,8,5,1,41,58,77,86,55,14,2,0,0,0,0,1,1,1,0,0,0,0,0,1,1,3,1,1,0,3,3,2,1,0,0,0,31,44,5,11,4,0,1,0,290,154,44,3,1,1,3,4,531,356,86,1,0,0,0,0,530,367,73,4,3,0,1,3,442,291,155,80,57,1,0,5,95,126,108,106,80,9,8,2,38,54,75,81,54,15,3,0,0,0,0,0,1,2,0,1,0,1,0,0,2,3,2,1,1,2,0,1,1,1,0,0,25,41,6,14,4,1,2,0,245,147,45,6,1,0,3,0,436,312,84,0,0,0,0,0,430,317,29,1,0,0,1,2,348,240,100,34,51,2,0,2,86,68,102,52,27,12,8,2,33,8,25,27,49,20,4,0,0,0,0,0,1,1,0,2,0,0,0,1,1,0,2,2,1,0,0,1,1,0,0,1,23,39,7,15,4,1,1,0,242,147,47,7,1,0,1,0,432,315,131,0,0,0,0,0,427,317,76,1,0,0,0,1,289,243,102,36,45,0,0,0,41,23,98,51,30,2,0,1,29,6,24,27,45,7,2,0,0,0,1,0,0,1,1,3,0,0,0,0,0,0,3,3,0,0,1,0,0,0,0,2,21,38,9,15,4,0,2,0,190,200,103,8,1,0,2,0,389,357,213,0,0,0,0,0,423,362,158,3,0,0,0,0,241,301,150,38,41,0,1,0,39,23,94,51,32,1,1,2,26,4,23,27,43,8,3,1,0,0,0,0,1,2,0,0,0,0,0,2,1,0,3,0,0,0,0,2,1,0,0,0,18,34,10,21,6,1,3,0,187,198,107,17,5,1,1,2,386,360,296,66,0,0,0,0,379,364,280,60,1,0,0,0,237,298,219,87,37,0,1,1,35,20,47,53,38,1,2,2,21,0,18,29,41,11,4,1,0,0,0,0,0,0,1,0,0,0,0,0,0,0,3,0,1,0,0,0,0,0,1,0,18,33,11,21,5,1,3,0,187,156,111,19,5,1,1,2,319,355,300,125,0,0,0,0,328,313,280,148,0,0,1,0,136,246,261,88,34,0,1,0,31,16,45,50,40,3,3,3,18,0,16,27,37,11,5,0,0,1,0,0,0,0,0,0,0,1,0,0,0,1,0,0,1,0,0,0,0,1,0,0,59,31,9,18,4,2,0,0,250,151,112,23,6,1,0,2,276,287,298,167,3,0,0,0,265,263,238,209,3,0,2,0,27,200,260,200,34,0,0,0,27,13,43,48,44,6,3,3,15,0,14,25,33,12,2,0,0,0,0,0,1,0,0,0,0,1,0,0,1,0,1,0,2,0,0,0,1,2,0,0,140,30,5,14,2,0,0,0,253,147,108,23,5,0,0,1,178,226,248,168,61,0,0,0,128,195,171,207,66,0,1,0,0,101,217,203,87,0,0,0,22,10,41,46,46,8,6,3,12,0,11,21,30,13,4,1,0,1,0,0,0,0,0,0,0,1,0,0,0,0,1,0,3,2,0,0,0,0,0,0,226,171,0,0,0,0,0,0,259,194,54,14,0,0,0,0,130,131,162,161,119,41,0,0,0,98,128,197,177,86,2,0,0,0,103,199,200,70,3,0,0,0,33,37,44,52,10,0,6,0,5,15,23,10,4,0,0,1,0,0,0,0,0,0,1,1,0,0,0,0,0,0,3,4,2,0,0,0,0,0,76,224,144,0,0,0,0,0,113,260,243,14,0,0,0,0,27,127,158,154,120,117,63,0,0,0,124,192,177,216,105,0,0,0,17,102,197,182,66,0,17,0,27,33,44,49,54,3,4,0,2,12,20,8,4,0,2,3,0,0,0,0,0,0,4,1,0,0,0,0,0,0,2,3,2,0,41,0,0,0,7,34,4,25,33,124,200,46,0,0,27,28,77,261,346,217,0,8,22,25,49,169,291,289,15,0,0,0,0,27,246,337,0,14,4,2,8,0,40,145,21,7,0,0,43,0,5,8,0,2,0,0,0,0,0,0,1,2,1,0,0,0,0,0,3,0,1,0,0,0,0,0,0,3,1,0,35,0,0,0,5,29,3,21,29,15,36,149,0,0,24,24,17,40,129,393,0,7,24,21,49,67,152,361,14,1,1,0,42,30,114,155,0,15,7,5,58,3,39,51,22,5,0,0,44,0,4,7,3,2,0,0,0,0,0,0,0,0,0,1,0,0,0,0,0,0,0,0,0,0,0,0,0,0,0,1,30,0,0,0,0,0,1,17,25,13,30,14,0,0,20,20,15,34,39,20,4,0,20,17,7,11,90,62,0,5,0,1,37,28,60,80,7,4,7,7,54,5,41,48,4,0,0,0,44,0,8,8,4,2,0,0,0,0,0,0,0,0,1,1,1,0,0,0,1,0,0,0,0,0,0,0,0,0,0,1,24,0,0,0,0,0,0,13,19,10,24,11,0,0,16,15,12,27,30,15,5,0,15,13,4,10,5,4,0,5,0,2,29,24,3,34,7,4,6,8,8,7,36,2,3,0,0,0,39,0,7,7,4,2,0,0,0,0,0,0,-0.1468223502978296,0.1855138329482489,-0.07072767257256497,-0.38832094692129254,0.16144456130687262,-0.07773391580770353,-1.0210525948073899,0.20753223104897137,-0.06883841699320029,-1.1509908707381569,0.2098452336220511,-0.07977167025195228,-1.1572450136397807,0.21053473101871095,-0.07977167025195228
17,0,0,0,1,0,1,0,0,0,0,0,1,1,1,1,0,0,0,0,1,2,1,1,5,0,2,0,2,0,5,49,286,0,0,2,2,1,12,148,561,3,0,7,0,2,9,118,439,3,3,0,2,2,5,104,235,1,2,2,2,5,7,10,58,3,0,2,2,4,1,6,6,0,2,1,0,1,1,1,1,0,0,1,0,0,0,1,1,0,1,1,0,0,0,1,1,0,1,1,0,1,0,2,6,1,3,1,2,0,5,50,213,0,0,3,2,0,14,145,502,1,1,9,0,2,10,116,377,5,4,0,2,2,5,100,166,3,3,3,2,3,9,13,59,4,0,3,2,4,0,8,11,0,3,2,0,0,1,1,1,1,0,0,1,1,1,0,0,0,1,0,1,1,1,0,1,0,0,0,1,1,1,2,7,1,4,1,4,1,7,53,210,0,0,4,3,1,17,155,487,1,1,10,0,1,12,77,391,9,5,0,4,5,6,92,159,4,4,2,3,2,11,16,56,5,0,3,4,6,1,10,16,0,4,1,1,1,1,0,0,0,0,0,0,0,0,0,0,0,0,1,0,0,0,0,1,0,0,0,0,2,1,3,8,2,0,0,6,1,12,98,214,0,0,1,4,4,60,331,558,0,1,5,0,1,61,225,501,0,2,0,3,2,7,91,286,2,2,0,3,2,12,17,59,2,0,1,2,6,0,11,21,0,1,0,1,0,2,0,0,0,0,0,1,1,0,0,0,0,0,2,1,1,1,0,1,0,0,0,1,3,2,4,7,2,0,0,7,3,57,100,113,1,2,2,5,49,115,387,412,1,2,6,0,4,64,304,506,3,3,0,2,1,10,137,330,0,3,1,2,3,14,19,102,3,0,1,1,7,1,12,24,1,0,0,1,1,2,0,0,1,0,1,0,0,0,1,1,0,0,3,0,0,0,1,2,0,1,1,0,4,2,6,6,1,0,0,8,6,57,97,26,2,2,3,7,51,241,346,209,1,2,7,1,8,174,418,502,5,4,1,0,1,14,216,381,1,3,1,0,3,14,22,157,3,0,1,1,6,0,13,28,0,1,0,0,0,1,1,1,1,1,1,1,0,1,0,0,3,1,0,0,0,0,0,0,2,3,4,3,8,0,3,1,0,2,48,63,59,54,7,0,0,3,47,112,264,126,52,0,0,0,4,4,149,221,204,140,4,0,0,0,0,127,275,215,0,0,0,1,0,9,205,270,1,1,1,2,5,1,16,32,1,1,1,1,0,1,0,0,2,1,1,1,0,0,0,0,6,1,1,1,0,0,0,0,3,4,7,5,8,0,0,0,0,5,49,64,56,5,2,0,0,2,51,158,209,79,47,0,0,0,4,58,194,157,152,140,0,0,0,0,52,176,223,212,0,0,0,0,0,68,208,143,0,0,1,0,2,1,60,31,2,1,2,0,0,0,0,0,2,2,0,1,0,0,0,0,8,1,0,1,0,0,0,0,6,8,10,6,4,0,0,0,2,45,50,59,5,0,0,0,0,47,99,114,92,73,40,0,0,0,52,128,191,152,149,26,0,0,0,4,170,177,218,51,0,0,0,0,73,206,140,23,0,0,0,0,1,5,54,26,2,0,1,0,0,0,0,0,0,0,0,0,0,0,0,0,8,1,0,1,0,0,0,0,8,10,10,5,2,0,0,0,2,43,48,14,2,0,0,0,0,47,97,110,90,72,36,0,0,0,103,180,186,149,101,22,0,0,0,87,171,176,150,2,0,0,0,4,136,203,55,20,0,0,0,0,3,7,50,27,2,0,1,0,0,0,0,0,0,0,0,0,0,0,0,0,0,0,0,0,0,0,0,0,8,11,8,4,0,0,0,0,4,41,44,14,1,0,0,0,2,47,94,107,92,12,32,0,0,46,174,181,181,92,24,18,0,0,42,162,170,175,65,0,0,0,0,107,193,83,12,18,0,0,0,0,5,7,49,28,1,0,1,0,0,0,0,0,0,0,0,0,0,0,0,0,0,0,0,0,0,0,0,0,3,0,0,0,0,0,0,0,3,35,1,11,0,0,1,0,10,93,135,104,40,9,24,0,59,207,220,176,13,0,0,0,0,180,188,165,36,17,1,0,0,0,171,166,50,15,12,13,0,0,0,0,8,59,52,26,0,0,0,0,0,43,5,4,0,0,0,0,0,0,0,1,0,0,0,0,0,0,0,0,3,0,0,0,0,0,0,1,3,31,3,9,1,0,2,0,54,96,89,22,36,7,20,0,222,255,218,7,9,0,0,0,147,229,189,23,31,0,1,0,0,63,168,60,49,15,13,11,0,0,0,40,86,59,49,24,0,0,0,0,40,43,8,5,0,0,0,0,1,1,0,2,0,0,0,0,0,0,0,2,0,0,0,0,0,0,1,1,1,27,3,8,0,0,3,4,95,94,44,18,30,6,17,3,344,199,8,0,0,0,0,8,284,227,0,0,0,0,1,0,50,116,74,104,50,15,12,0,0,0,97,190,89,57,45,0,0,0,0,44,38,41,9,2,0,0,0,0,0,1,0,2,0,0,0,0,3,0,1,3,0,0,0,0,0,1,1,2,1,20,3,6,0,2,2,5,21,34,0,14,22,0,0,6,11,10,5,0,0,9,8,15,129,52,64,6,6,46,0,0,318,295,221,52,2,0,0,0,205,236,151,36,19,0,0,0,0,43,48,41,34,0,2,1,0,0,0,0,1,0,1,3,0,0,0,0,4,0,2,4,0,0,0,0,0,1,2,3,1,16,2,5,0,2,3,8,17,30,1,12,18,0,0,7,10,10,5,0,0,9,10,17,131,103,15,4,4,42,1,0,319,208,23,1,0,0,0,0,207,68,42,32,16,0,0,0,0,40,45,36,30,0,2,1,0,0,0,1,2,1,1,3,0,0,0,1,5,0,2,3,0,0,0,1,1,2,2,3,0,14,2,5,1,3,3,8,15,26,0,11,15,0,0,7,10,10,4,0,0,12,10,17,69,32,13,2,2,41,2,0,92,42,20,1,0,0,0,0,74,14,0,28,15,0,0,0,1,36,39,30,26,0,2,1,-0.048699062934094144,0.24798769651951033,-0.08373927227627687,-0.028752153964870582,0.2461676818534529,-0.07656694940619828,0.7970200548561813,0.317551490437386,-0.08330341757494115,0.8571890702170623,0.28034225374665417,-0.058751813129105,1.3554034298629858,0.22292313538746353,-0.055280320955195084,1.1820409948484003,0.19500658398791768,-0.07348190066440523
11,3,2,1,1,0,0,0,0,2,3,0,0,0,0,0,1,2,1,0,2,0,0,0,0,1,0,59,140,140,132,3,0,0,0,64,153,192,151,122,2,0,0,1,153,215,140,2,0,2,0,0,0,90,44,3,2,0,1,0,1,0,0,1,2,1,0,0,0,0,0,2,2,0,1,1,0,0,0,0,0,1,4,1,1,0,0,0,0,2,5,1,0,0,0,0,0,0,43,81,104,66,0,0,0,0,53,170,140,86,62,81,0,0,0,128,104,70,21,121,147,0,0,61,150,106,51,135,47,0,0,0,2,186,162,135,3,1,0,0,0,89,208,146,3,0,0,0,0,0,44,68,5,1,1,0,0,0,0,0,0,1,4,0,0,0,0,0,0,2,6,1,0,0,0,0,0,0,39,26,24,61,0,0,0,0,48,79,140,132,66,27,0,0,0,128,148,72,21,75,104,0,0,133,151,104,47,63,44,0,0,0,73,181,112,132,3,1,0,0,0,91,204,148,44,0,0,0,0,0,107,146,58,1,1,0,0,0,0,0,0,3,4,0,0,0,0,0,0,3,9,2,0,0,0,0,0,0,32,23,21,53,0,0,0,0,40,34,95,131,110,32,0,0,0,83,152,117,21,69,106,0,0,127,156,103,39,57,44,0,0,0,68,173,109,130,3,0,0,0,0,89,194,185,43,0,0,0,0,0,103,146,57,1,3,0,0,0,0,0,0,5,0,0,0,0,0,0,0,6,2,3,0,0,0,0,0,1,0,22,19,48,0,0,0,0,0,30,93,129,112,73,0,0,0,81,152,114,23,72,108,0,0,86,158,102,38,59,43,0,0,0,65,170,111,130,3,0,0,0,0,84,193,180,41,1,0,0,0,0,52,104,56,2,1,0,0,0,0,0,0,1,2,2,0,0,0,0,0,4,4,2,0,0,0,0,0,1,0,21,18,39,0,0,0,0,0,30,96,129,113,66,0,0,0,81,152,110,72,164,103,0,0,87,162,105,84,104,36,0,0,0,60,172,151,81,2,0,0,1,0,78,113,80,38,0,0,0,0,0,47,94,52,1,0,1,0,0,0,0,0,1,2,1,0,0,0,0,0,4,5,2,0,0,0,0,0,1,0,21,18,33,0,0,0,0,0,32,98,129,115,60,0,0,0,81,152,110,115,164,55,0,0,86,162,109,87,102,31,0,0,0,59,174,148,28,1,0,0,1,0,73,62,37,36,0,0,0,0,0,43,46,50,1,0,1,0,0,0,0,0,1,0,0,0,0,0,0,0,4,2,2,0,0,0,0,0,0,0,20,13,23,0,0,0,0,0,35,97,126,71,17,0,0,0,24,153,242,168,77,7,0,0,42,164,208,128,7,21,0,1,0,55,78,30,26,1,0,3,1,0,25,16,33,32,0,0,0,0,0,31,40,42,0,0,1,0,0,0,1,0,0,0,0,1,0,0,0,1,0,1,2,0,0,0,0,0,0,0,18,12,19,0,0,0,0,0,33,38,28,11,15,0,0,0,24,48,71,33,35,7,0,0,40,32,50,51,6,18,0,1,0,12,19,27,25,2,0,3,0,0,22,15,29,29,0,0,0,0,0,27,35,37,0,0,0,0,0,0,0,1,0,0,0,0,0,0,0,1,0,0,1,0,0,0,0,0,0,0,17,10,15,0,0,0,1,0,29,34,24,9,13,0,0,0,24,43,17,29,31,7,0,0,35,28,1,0,5,16,0,1,0,10,15,23,21,2,1,3,0,0,18,13,25,25,1,0,0,0,0,23,30,31,0,0,0,0,0,0,0,0,0,0,0,0,1,2,2,1,0,0,2,0,0,1,0,0,0,0,15,9,13,0,0,0,0,0,25,30,20,8,11,0,1,0,21,0,14,25,27,5,0,0,30,24,0,0,4,14,0,1,0,9,13,19,17,2,0,3,1,0,15,11,21,21,1,0,0,0,0,19,26,27,0,0,0,0,0,0,1,0,-0.14951450814095968,0.4228540809473786,-0.06665127029854699,-0.17531191519563133,0.4412600997031193,-0.08562010040860775,-0.10240344098524275,0.6168387160904026,-0.0632234626281905,-0.010050921799248779,0.46532046623540063,-0.06558702433466773
18,0,0,0,0,0,1,0,0,0,0,0,0,0,0,0,0,0,0,0,0,0,0,0,0,0,0,0,0,0,0,0,0,0,0,0,0,0,2,0,0,0,0,0,0,0,1,0,0,0,1,1,1,0,1,0,0,2,74,138,64,4,4,4,0,11,224,277,201,9,0,0,0,6,179,215,171,72,10,5,0,0,0,0,0,0,1,0,0,0,0,0,0,0,0,0,0,0,0,0,0,0,0,1,0,0,0,0,0,0,0,0,0,0,0,0,0,0,1,1,0,0,0,0,0,0,0,0,0,0,1,4,1,0,0,1,0,3,136,218,131,0,0,0,0,118,221,208,202,54,0,0,0,69,172,122,121,179,120,43,0,0,0,0,0,0,1,0,0,0,0,0,0,0,0,0,0,0,0,0,0,0,0,1,0,0,0,0,0,0,0,0,0,1,0,0,0,0,1,1,0,0,0,0,0,0,0,0,0,1,0,5,0,0,0,1,0,4,133,217,130,0,0,0,0,116,221,209,204,55,0,0,0,68,169,121,122,181,120,44,0,0,0,0,0,0,1,0,0,0,0,0,0,0,0,0,0,0,0,0,0,0,0,0,0,0,0,0,0,0,0,0,0,1,0,0,0,0,2,1,0,0,0,0,0,0,0,0,0,1,0,5,0,0,0,1,0,5,125,163,83,0,5,0,0,112,222,253,203,50,0,0,0,67,170,165,170,179,74,41,0,0,0,0,0,0,1,0,0,0,0,0,0,0,0,1,0,1,0,0,0,1,0,0,0,1,0,0,0,0,0,0,0,1,0,0,0,0,2,0,0,1,0,0,0,0,0,0,0,1,0,5,0,1,0,1,0,6,119,161,80,0,2,0,0,106,222,249,199,47,0,0,0,26,166,164,171,127,70,38,0,1,0,0,0,0,0,0,0,0,0,0,0,1,0,1,0,0,0,0,0,0,0,1,0,0,0,0,0,0,0,0,0,0,0,0,0,1,0,0,0,0,0,0,0,0,0,2,0,1,1,5,0,1,0,1,0,8,121,221,141,0,0,0,0,60,222,244,197,48,44,1,0,21,22,106,168,184,19,0,0,0,0,0,0,0,0,0,0,0,0,0,0,0,0,0,0,0,1,0,0,0,0,0,0,0,0,0,0,0,0,0,0,0,1,0,0,1,0,0,0,1,1,3,1,0,0,0,0,4,119,162,129,0,0,0,0,51,248,220,187,60,0,0,0,14,0,102,94,171,221,127,2,13,0,0,61,222,140,116,0,0,0,0,0,0,0,0,0,0,0,0,0,0,0,0,0,0,0,0,0,0,0,0,0,0,0,0,0,0,0,0,0,0,1,0,0,0,0,0,0,2,3,64,3,0,0,0,0,6,171,248,131,0,0,0,0,48,187,217,119,116,21,9,0,12,0,100,95,169,267,231,55,12,0,0,11,218,139,114,0,0,1,0,0,0,0,0,0,0,1,0,0,0,0,0,0,0,1,0,0,0,0,0,0,0,1,0,0,0,0,0,0,0,3,1,0,0,0,0,0,6,54,108,10,0,0,0,0,12,175,248,133,0,0,0,0,1,46,166,120,118,83,56,0,4,0,0,100,216,312,183,49,10,0,0,6,163,50,17,1,1,0,0,0,0,0,0,0,1,0,0,0,0,0,0,0,1,2,0,1,0,0,0,0,0,2,0,1,0,0,0,0,1,7,5,1,0,0,0,0,5,60,151,57,0,0,0,0,1,15,168,139,122,89,59,0,0,0,36,124,170,230,150,1,0,0,0,16,168,237,89,0,0,0,0,2,31,0,8,2,1,0,1,0,0,0,0,0,1,0,1,0,0,0,0,0,1,5,2,1,0,0,0,0,0,46,3,1,0,0,0,0,3,50,57,51,0,0,0,0,4,59,152,133,94,35,0,0,0,13,16,141,191,177,122,0,0,0,0,24,174,228,88,1,0,2,0,13,95,104,47,0,0,0,0,0,27,0,0,2,1,1,1,2,0,0,0,0,3,1,1,1,0,0,0,0,1,10,45,4,0,0,0,0,2,44,48,61,0,0,0,0,3,3,97,150,180,110,0,0,0,5,31,184,190,214,52,0,0,5,8,18,189,233,119,0,0,0,0,16,34,59,80,54,0,1,0,9,6,58,43,0,0,0,0,0,18,0,0,2,1,1,1,2,0,0,0,0,4,2,1,1,0,0,0,0,2,7,44,6,0,0,0,0,3,0,51,107,102,0,0,0,2,0,92,201,230,156,0,0,0,0,29,128,193,212,94,0,0,0,5,14,103,183,117,54,0,2,0,12,29,7,76,56,0,0,0,8,4,54,40,0,0,0,0,0,14,0,0,3,0,2,2,2,0,0,0,0,1,4,4,1,0,0,0,0,2,10,44,8,0,0,0,0,2,0,54,149,173,42,0,0,0,0,51,201,231,157,1,0,0,0,25,81,190,211,94,0,0,0,3,0,32,107,171,95,2,2,0,8,24,5,73,58,0,0,0,7,1,51,36,0,0,0,3,0,0,0,0,1,4,3,3,2,0,0,0,0,3,8,8,2,0,0,0,0,3,13,45,72,93,0,0,0,0,0,55,260,232,43,0,0,0,0,49,198,232,199,0,0,0,0,18,0,19,208,302,138,0,0,0,0,0,50,152,135,2,3,0,4,16,3,20,56,1,0,0,5,0,47,29,0,0,0,4,0,0,0,0,2,7,1,7,7,0,0,0,0,2,2,60,54,41,0,0,0,2,3,43,81,92,46,50,0,0,0,6,58,83,109,105,0,0,1,1,11,60,35,66,30,0,2,17,2,17,7,18,22,0,3,0,0,0,39,25,14,3,2,0,2,12,0,17,7,2,0,0,3,0,42,22,0,0,0,5,0,0,0,0,0,3,0,8,8,0,0,0,0,0,2,56,5,37,0,0,0,0,3,39,9,19,1,48,0,0,0,5,53,30,29,34,0,0,0,3,12,15,31,18,28,1,2,15,0,15,5,16,18,0,3,0,0,0,33,21,12,1,3,0,0,10,1,14,5,1,0,0,1,0,41,18,0,1,0,0,0,1,1,0,0,2,0,8,9,0,0,0,0,0,2,50,6,33,1,0,0,0,3,35,9,18,0,42,0,0,0,4,47,26,26,30,0,0,0,4,12,14,27,15,24,1,2,13,0,13,3,14,15,0,2,0,0,0,28,17,10,1,3,0,0,8,0,12,3,1,0,0,0,0,39,15,0,1,0,0,0,0,0,1,0,-0.030692582611370894,0.26045177797534363,-0.0754395863705726,-0.06946421967436843,0.06489749153963406,-0.06036375810907524,-0.0703038398843335,0.055768951338307324,-0.06036375810907524,-0.0397709843701459,-0.032272014961208524,-0.07664285569393879,-0.03159414819721265,-0.05927403678190678,-0.07612540437742203,0.001817003244956952,-0.017096720673376208,-0.07589087557416713
17,0,0,0,1,0,0,0,0,0,0,0,0,0,0,0,0,0,0,1,0,0,0,0,6,0,2,0,1,0,4,1,58,1,0,1,1,0,2,53,167,2,0,1,0,2,1,9,142,0,2,0,2,0,3,43,47,0,2,1,2,0,3,1,1,3,2,1,2,2,0,2,1,1,2,0,0,0,0,0,1,0,1,1,1,0,0,1,0,0,1,1,0,0,1,1,0,0,0,1,0,1,1,1,6,0,2,1,1,0,5,2,105,0,0,2,2,0,3,55,353,3,1,2,0,2,2,67,230,1,3,0,3,1,4,42,47,0,3,2,3,1,4,2,2,4,2,2,3,3,1,3,1,1,3,1,1,0,1,1,0,1,0,0,0,1,0,0,0,0,0,0,0,1,0,0,0,0,0,0,0,2,0,0,7,0,1,0,1,1,5,2,106,0,0,2,2,1,3,56,355,4,1,2,0,2,2,66,231,2,3,0,3,2,3,40,48,0,3,1,3,2,4,3,3,5,1,2,3,3,0,2,2,2,3,0,1,1,0,0,0,0,0,0,0,0,1,1,0,0,0,1,1,2,1,1,0,0,1,2,0,3,1,1,8,2,1,0,0,0,7,7,103,0,0,0,0,0,5,57,308,2,0,2,0,0,3,64,223,0,2,0,2,1,4,40,49,0,2,2,2,3,6,5,4,2,1,1,0,3,1,1,0,1,1,1,0,0,1,1,0,0,0,0,0,1,0,0,0,0,0,1,0,1,0,0,0,0,0,2,0,4,0,1,9,1,1,0,0,0,7,9,101,0,0,0,0,1,5,135,370,2,0,2,0,1,3,106,374,1,2,0,2,3,3,39,101,0,2,1,2,4,6,5,5,2,1,1,0,1,0,0,0,1,1,1,0,0,0,0,0,1,0,0,0,0,0,0,0,1,0,1,0,0,0,0,1,0,0,2,0,4,0,2,9,0,2,0,1,0,10,58,100,0,0,1,0,1,48,295,373,1,0,4,0,0,7,287,376,2,3,0,2,2,4,93,255,0,3,1,3,4,7,7,48,3,1,2,0,0,0,0,0,2,2,0,1,0,0,0,0,0,0,0,0,1,0,0,0,0,0,0,0,1,0,0,0,0,0,0,0,4,1,3,8,0,3,0,2,1,17,66,94,0,0,2,1,6,200,412,372,0,1,5,0,5,256,435,380,3,2,0,0,2,51,271,401,0,4,2,3,4,8,56,143,4,0,3,0,2,0,1,42,1,1,0,0,1,1,0,0,0,1,0,0,0,0,0,0,0,0,0,0,0,0,0,0,0,0,0,0,4,2,4,9,1,1,1,4,1,60,69,90,1,1,2,2,55,276,413,310,0,0,2,1,59,298,435,381,2,0,1,0,3,112,334,404,3,2,0,3,3,9,58,147,2,0,2,0,1,0,4,43,0,0,0,0,0,2,0,0,0,0,1,1,0,0,0,0,0,0,1,1,0,1,1,0,1,0,0,1,5,1,5,7,2,0,1,6,4,61,70,45,2,0,2,4,101,333,356,148,0,0,4,1,121,340,394,379,3,0,1,0,4,115,339,405,3,2,1,2,3,10,62,210,3,0,3,1,1,1,6,45,0,0,0,0,0,2,0,1,1,1,0,1,0,0,0,0,0,0,0,1,0,0,0,0,2,1,2,2,6,0,4,4,0,2,2,66,57,59,11,0,1,0,6,154,269,176,25,0,0,0,7,115,256,200,191,138,2,0,0,0,12,174,275,272,4,0,0,0,0,9,172,358,2,1,0,0,1,1,10,92,0,0,0,0,0,2,1,1,1,2,0,1,0,0,0,0,0,0,0,0,0,0,0,0,2,3,4,4,5,0,2,2,0,5,5,65,55,17,7,0,1,3,82,197,197,22,0,0,0,0,48,163,198,146,122,81,0,0,0,0,78,173,208,198,4,0,0,0,0,95,278,212,1,1,1,0,0,2,88,31,0,1,0,0,0,1,0,0,1,0,0,0,0,0,0,0,3,1,0,0,0,0,0,0,0,0,6,5,4,0,0,2,1,6,47,62,0,14,3,0,0,43,141,198,80,0,0,0,0,0,95,164,156,100,119,78,0,0,0,2,139,173,205,195,0,0,0,0,36,230,273,87,0,0,0,0,0,48,87,29,0,0,0,0,0,0,0,0,0,0,0,0,0,0,0,0,3,1,0,0,0,0,0,0,0,1,7,5,3,0,0,0,3,8,46,14,0,9,1,0,1,89,142,83,29,0,0,2,0,3,163,165,109,99,118,15,0,0,0,114,141,170,203,68,0,0,0,0,162,229,145,29,0,0,0,0,50,50,37,25,0,1,0,0,0,0,0,0,0,0,0,0,0,0,0,0,4,0,0,0,0,0,0,0,1,2,0,0,0,0,0,0,6,11,0,10,0,2,0,0,49,84,80,17,27,12,0,2,45,77,164,157,111,52,1,7,0,44,174,157,142,115,39,8,0,0,89,185,146,14,18,22,0,0,0,0,48,6,30,21,0,0,0,0,0,0,0,0,0,0,0,0,0,0,0,0,4,0,0,0,0,0,0,0,1,0,0,0,0,0,0,0,6,9,0,8,0,3,0,0,48,30,76,66,27,10,0,2,86,169,165,157,71,0,0,4,0,197,172,155,140,14,33,5,0,77,190,183,14,12,16,18,0,0,3,2,4,7,28,19,0,0,0,0,1,0,0,0,0,0,0,0,0,0,0,0,0,0,0,0,1,1,1,1,0,0,0,0,0,0,0,0,6,6,0,6,0,3,1,0,45,30,74,62,24,8,0,2,128,225,211,63,7,0,0,2,165,199,172,78,10,11,27,3,43,166,186,19,12,10,14,16,0,0,5,3,5,7,26,17,0,0,0,0,1,2,1,0,0,0,0,0,2,1,0,0,0,0,0,0,4,3,3,2,0,0,0,0,0,0,1,1,6,4,0,5,0,3,1,7,42,31,17,11,19,5,4,0,165,84,48,1,3,0,0,0,243,36,15,0,3,7,0,0,106,39,5,13,8,7,0,0,47,0,6,4,9,8,0,0,0,0,0,0,3,6,0,0,-0.06068757811175639,0.24718822998482273,-0.07525499951504638,-0.016709392287141037,0.27060809567867566,-0.06226501053782988,0.2177384348006771,0.32901847022252767,-0.06935383785213597,0.5189758539680882,0.2753657706417148,-0.07707704140216966,0.6368190646317382,0.25646171014960095,-0.0828433105151791
16,0,0,1,1,0,1,0,1,0,0,0,1,2,1,0,2,0,1,1,1,1,2,0,1,1,1,4,2,1,1,0,0,1,2,3,3,1,0,0,1,47,46,6,1,0,0,0,0,121,86,0,1,1,0,3,0,66,49,2,2,2,2,3,0,45,0,2,2,6,1,3,2,1,1,2,3,1,7,1,1,0,0,0,0,1,1,0,2,0,0,0,0,2,0,1,3,0,0,0,0,0,2,0,2,0,1,3,3,0,4,0,0,56,67,53,3,1,2,1,5,314,284,190,0,0,0,0,0,299,241,151,3,0,0,0,0,257,224,175,105,0,0,0,0,104,140,155,201,122,55,2,6,0,0,155,253,307,204,46,2,0,0,0,0,1,1,0,2,0,0,0,0,2,0,1,3,0,0,0,0,0,0,0,1,0,1,3,3,0,4,0,1,51,67,53,2,1,0,2,6,251,280,186,0,0,0,0,0,253,235,147,3,0,0,0,0,252,166,126,101,0,0,0,0,50,66,110,197,167,51,4,6,0,0,33,248,307,201,45,2,0,0,0,0,0,2,0,0,0,0,0,0,2,1,1,0,0,0,0,0,0,1,0,1,0,0,3,3,0,5,0,2,45,66,52,1,0,1,2,4,248,275,184,0,0,0,0,0,252,187,143,3,0,0,0,0,248,165,126,96,0,0,0,0,47,65,110,195,124,48,5,3,0,0,29,247,307,159,43,1,0,0,0,0,0,2,0,0,0,0,0,1,0,0,0,0,0,0,0,0,0,1,0,1,0,0,3,3,0,4,0,2,1,17,49,5,0,0,2,3,55,222,184,9,0,0,0,0,244,180,139,88,0,0,0,0,237,164,130,51,0,0,0,0,42,119,59,24,71,41,5,1,0,0,18,55,112,104,38,1,0,0,0,0,0,3,0,0,0,0,0,0,0,1,0,0,0,0,0,0,0,2,0,0,0,0,3,2,0,5,0,2,2,13,48,9,1,1,0,3,54,128,186,78,0,0,0,0,240,180,135,146,24,0,0,0,93,221,186,151,0,0,0,0,0,115,147,25,68,38,2,1,0,0,14,49,60,99,0,1,0,0,0,0,0,3,0,0,0,0,0,0,1,1,0,0,0,0,0,0,1,1,0,0,0,0,1,1,1,5,0,2,52,11,43,9,2,0,0,3,188,42,112,81,38,0,0,0,182,179,87,104,87,0,0,0,0,219,189,199,67,0,0,0,0,0,189,177,23,36,4,1,0,0,10,44,56,95,0,3,0,0,0,0,0,2,1,0,0,0,0,0,1,1,1,0,0,0,0,0,0,1,0,0,0,0,0,0,0,6,0,0,104,13,36,6,0,0,0,0,262,119,15,80,37,0,0,0,134,179,89,101,90,54,0,0,0,15,245,198,161,73,0,0,0,0,118,181,111,36,7,0,0,0,5,41,52,90,0,5,0,1,0,0,0,0,0,0,0,0,1,0,0,0,0,0,0,0,0,0,0,0,0,0,0,2,5,0,0,1,0,0,159,176,75,0,0,0,0,0,261,228,159,0,31,0,0,0,29,98,94,99,90,164,60,0,0,0,138,201,165,187,38,0,0,0,17,167,213,79,9,0,0,0,1,33,46,79,0,9,1,0,0,0,0,0,0,0,1,0,0,0,0,0,0,0,1,0,0,0,0,0,0,0,1,3,46,0,0,0,0,0,86,178,177,6,0,0,0,0,135,230,230,52,0,0,0,0,27,54,92,100,92,162,162,0,0,0,15,147,211,226,145,1,0,0,0,25,213,191,68,0,0,0,0,30,44,76,0,9,2,2,0,0,0,0,0,0,3,0,0,0,0,0,0,0,2,4,3,4,0,0,0,0,2,6,43,58,0,0,0,0,35,11,121,224,147,0,0,0,31,29,209,236,199,0,0,0,20,6,2,100,98,154,163,158,0,0,0,0,112,163,240,187,0,0,0,0,10,91,267,117,0,14,0,0,35,20,0,9,3,3,0,0,0,0,0,0,5,1,1,0,0,0,0,0,3,5,4,4,0,0,0,0,2,7,38,56,52,44,0,0,30,9,68,179,231,135,0,0,27,25,65,238,241,222,55,0,16,6,0,98,177,153,218,157,0,0,0,0,68,161,240,239,0,0,1,0,0,8,167,304,0,12,13,0,0,16,0,12,0,0,0,0,0,0,0,0,1,0,0,0,0,0,0,0,2,4,4,2,0,0,0,0,0,5,32,5,48,43,0,0,26,7,19,56,138,259,176,0,23,22,15,22,263,308,299,76,13,5,0,22,147,262,328,293,0,0,0,0,4,162,334,373,0,0,0,0,0,6,90,179,0,10,11,0,0,15,0,14,2,0,1,1,0,0,0,0,3,0,1,1,0,1,0,0,2,0,5,1,1,0,0,0,0,0,24,4,1,36,0,0,0,0,14,1,1,13,73,193,0,0,13,14,24,37,217,370,0,0,0,15,16,48,189,381,8,7,1,3,7,53,100,242,8,1,4,4,47,6,27,56,10,0,10,0,0,17,0,7,2,0,0,0,0,0,0,0,3,0,0,0,0,0,0,0,1,0,4,0,0,0,0,0,0,0,20,2,0,31,0,0,0,0,12,0,0,11,15,20,0,0,11,12,21,31,77,105,0,0,0,13,14,44,117,139,8,10,1,3,7,51,96,104,11,1,6,5,45,6,29,54,11,0,9,0,0,18,0,5,3,0,1,0,0,0,0,0,4,0,0,0,0,0,0,0,2,0,3,1,0,0,0,0,0,0,16,1,0,27,0,0,0,0,10,1,1,9,13,16,0,0,9,10,17,27,11,11,0,0,0,12,12,3,64,77,8,12,0,4,7,47,55,98,13,1,7,6,41,6,30,54,12,0,8,0,0,18,0,5,-0.13063920536115253,0.18445058962987407,-0.07083858969290159,-0.13832645119745254,0.18186274757101023,-0.0779061344416551,-0.7346173689089288,0.2205991174519289,-0.08833716783683439,-0.8727272708459868,0.22353273130147155,-0.07045733625003144,-1.0952910977767625,0.24176277639923127,-0.07017506827951295
15,0,0,1,0,0,1,0,1,0,1,1,0,0,2,0,1,0,1,1,0,0,1,0,0,1,2,1,1,0,1,0,0,180,45,2,0,0,0,0,2,412,131,6,0,0,0,0,0,401,107,1,1,0,1,2,1,200,72,5,6,3,1,2,0,50,2,65,5,2,2,1,2,1,1,4,0,2,7,0,0,0,0,0,0,0,0,0,1,0,0,0,0,0,2,0,1,0,1,1,0,1,0,0,1,5,6,0,4,1,0,0,0,346,124,5,1,0,0,1,2,522,328,69,0,0,0,0,1,535,297,48,2,1,1,3,2,456,254,130,60,56,0,1,1,110,83,69,65,53,4,4,3,3,3,46,4,6,10,1,0,0,0,0,1,1,0,1,0,0,0,0,1,1,2,1,0,1,2,2,1,1,0,1,0,8,9,1,6,2,0,1,0,346,127,10,2,1,0,2,2,521,328,71,1,0,0,0,0,535,295,50,3,1,0,3,2,398,182,77,60,54,1,1,2,68,80,71,63,49,7,6,3,5,4,45,6,10,13,2,0,0,0,0,0,0,0,1,1,0,1,0,0,1,0,1,1,0,3,1,0,1,0,0,2,9,14,2,8,3,0,0,0,252,125,17,3,0,1,1,1,416,317,72,0,0,0,0,0,439,242,45,2,0,0,1,1,291,134,69,51,45,0,0,3,62,27,65,55,43,5,4,3,4,2,37,7,12,9,2,1,0,0,0,1,1,1,1,1,0,0,0,1,2,1,2,1,0,4,0,1,1,0,1,2,9,17,3,9,4,0,1,0,208,124,22,4,1,0,2,1,411,316,126,0,0,0,0,0,384,301,46,1,0,0,1,1,246,188,65,46,41,1,0,3,56,23,60,51,44,6,5,3,2,0,33,8,13,10,3,1,0,0,0,0,0,2,0,2,0,0,0,0,0,1,2,2,1,2,1,0,0,0,0,2,9,20,4,10,3,1,1,0,160,176,80,6,1,1,0,1,361,320,231,1,0,0,0,0,381,305,179,2,0,0,0,0,193,230,116,44,37,1,0,3,52,19,56,47,44,7,5,4,1,0,29,9,13,11,3,2,0,0,0,0,1,1,0,0,0,0,0,1,1,0,0,0,0,1,1,1,1,1,1,0,10,20,5,15,4,1,1,0,159,174,133,51,4,2,0,0,320,303,287,123,0,0,0,0,333,298,252,132,1,0,0,0,150,231,226,95,35,0,1,0,3,11,48,44,47,10,5,2,1,0,21,11,15,12,2,0,0,0,0,0,0,2,0,0,0,0,0,0,0,0,0,0,0,1,0,1,0,2,0,0,11,20,3,15,2,2,1,0,157,115,130,50,4,2,0,0,276,298,282,124,0,0,0,0,265,250,247,174,1,0,0,0,65,181,225,157,35,1,1,0,1,8,44,43,48,13,7,2,0,0,17,9,13,15,2,0,0,0,0,0,0,1,0,0,0,0,0,0,0,0,2,0,0,0,0,0,1,2,2,0,58,19,0,10,2,2,1,0,252,147,27,0,2,0,0,0,175,203,197,123,53,0,0,0,20,198,172,169,96,0,0,0,0,32,175,161,114,4,3,0,0,0,35,34,47,20,13,3,0,0,8,2,10,15,4,1,0,0,0,0,0,0,0,0,0,0,0,0,0,0,0,0,0,2,1,0,0,0,0,0,13,68,75,10,0,0,0,0,24,140,243,145,0,0,0,0,28,52,190,124,133,138,83,0,0,0,25,165,184,190,146,0,0,0,0,13,152,178,143,3,0,0,0,24,41,22,54,49,0,0,3,0,7,10,3,0,2,1,0,0,0,0,0,0,3,0,0,0,0,0,0,0,2,4,4,1,1,0,0,0,11,15,19,78,72,38,0,0,18,22,25,65,250,190,56,0,0,3,0,7,142,201,176,200,0,0,0,0,0,119,255,264,0,2,0,10,21,6,145,145,2,0,0,16,31,17,45,0,1,3,0,0,0,0,0,0,0,0,0,0,0,0,0,0,0,0,0,0,0,0,0,0,1,3,4,0,2,0,0,0,9,12,15,33,27,40,52,0,15,18,21,13,27,115,308,217,0,2,1,5,32,69,329,381,0,0,0,0,0,28,134,331,0,4,0,11,20,6,38,73,4,0,0,15,29,14,0,0,1,3,0,0,0,0,0,0,0,0,1,1,0,0,0,0,0,0,1,1,0,1,0,0,0,3,3,0,3,0,2,0,0,10,13,29,23,37,51,81,0,14,17,12,24,22,70,252,2,2,2,4,30,12,61,156,9,0,0,0,26,27,47,66,5,6,0,12,20,7,37,18,6,0,0,14,28,13,1,0,2,5,1,0,0,0,0,0,0,0,0,0,0,0,0,0,0,0,1,0,0,0,0,0,0,0,0,0,0,0,0,0,0,0,0,21,15,29,6,32,0,0,0,8,17,18,19,18,3,0,1,0,22,9,10,16,11,8,7,0,18,22,42,17,6,5,3,11,17,8,32,17,8,2,5,10,24,9,0,0,1,1,0,0,0,0,0,0,1,1,0,0,0,0,0,0,1,0,1,0,0,0,0,0,0,0,0,0,0,0,0,0,0,0,0,19,14,27,5,30,0,0,0,7,16,17,17,17,4,1,0,0,20,8,9,15,12,9,7,0,16,20,39,16,7,6,3,10,16,8,30,16,9,3,5,9,23,8,0,0,1,2,0,1,1,1,1,0,-0.1667566064103647,0.1750359107656058,-0.08374459177824568,-0.2630744762261114,0.18026596774096357,-0.0666283514212059,-0.2690405809979208,0.18035855087713004,-0.06679399699211906,-0.9307014386115342,0.11633644324132449,-0.06822472470016269,-1.1985145321373838,0.09252519222577307,-0.06669525239633056
15,50,1,1,3,1,0,3,0,174,0,3,0,0,2,0,0,220,45,0,2,1,0,2,0,63,123,60,7,2,0,4,0,3,100,61,6,2,0,0,1,1,4,47,1,0,0,2,0,1,0,0,0,0,1,1,1,0,0,1,0,0,1,1,0,0,0,1,0,0,0,0,0,0,0,1,0,0,0,2,0,290,132,3,4,2,0,2,0,382,280,54,0,1,1,0,0,361,312,49,3,1,0,0,0,287,330,243,53,3,0,2,0,200,332,358,130,5,0,0,1,45,121,175,45,0,0,0,0,1,1,0,1,0,1,1,0,0,0,1,1,0,1,0,0,0,0,1,1,0,0,0,0,0,0,0,1,0,0,0,0,390,233,55,4,3,0,0,0,387,330,102,3,0,3,0,0,408,355,94,7,2,0,0,0,347,380,247,99,2,0,0,0,122,335,354,126,10,1,4,0,45,76,124,42,4,1,0,0,3,1,0,0,0,2,2,0,1,0,1,1,0,2,0,0,1,0,1,0,1,2,2,0,0,0,0,0,0,1,1,0,390,306,58,8,2,0,0,0,388,333,149,6,1,3,0,0,405,352,93,10,2,0,0,0,297,378,183,95,3,0,0,0,70,279,196,67,12,1,5,0,40,72,82,38,4,2,0,0,3,1,0,1,0,2,2,0,0,0,2,1,0,0,0,0,0,0,2,1,1,2,0,0,0,0,1,1,0,0,0,0,387,311,167,16,2,1,0,0,384,335,244,52,2,2,0,0,396,344,92,15,1,0,1,0,240,259,92,45,4,0,0,0,61,94,101,63,13,4,6,0,30,31,74,31,1,1,0,0,2,2,0,0,0,4,3,0,1,1,2,1,0,1,1,0,1,0,2,0,0,0,0,0,0,0,1,0,0,1,0,0,338,313,239,62,3,0,0,0,342,335,291,105,3,0,0,0,390,342,96,18,1,1,0,0,182,213,87,44,5,0,0,0,55,46,97,58,14,1,0,0,26,29,32,30,0,0,0,0,0,2,0,1,0,1,0,0,0,0,0,0,0,0,0,0,0,0,1,1,0,0,0,0,0,0,1,1,0,0,0,0,293,312,291,104,4,0,0,0,294,330,331,155,5,0,0,0,332,338,138,19,2,1,0,0,142,171,40,41,5,0,0,0,13,42,52,17,14,2,0,1,22,25,29,26,1,0,0,1,0,2,0,0,1,2,0,1,1,0,0,0,1,0,0,1,0,0,0,0,1,1,0,1,0,0,0,0,1,0,0,1,137,62,91,59,4,0,0,0,249,278,329,157,8,0,0,0,277,338,267,140,2,0,0,0,138,208,42,37,5,0,0,0,12,35,44,18,11,1,0,1,15,16,21,18,0,0,0,0,0,0,0,0,0,1,0,1,1,0,0,1,0,0,0,1,0,0,0,0,0,1,0,1,0,0,0,1,0,0,0,1,92,12,12,13,5,0,0,0,245,69,53,45,8,0,0,0,279,340,340,139,3,0,0,0,304,407,345,151,4,0,0,0,208,213,116,18,12,1,1,1,14,17,20,15,1,0,0,0,0,0,0,0,1,1,0,1,0,0,0,0,1,0,0,1,0,0,0,0,0,0,0,0,0,0,0,0,0,0,0,0,13,10,10,11,3,0,0,0,131,18,6,0,6,0,0,1,333,106,0,37,2,0,0,0,383,340,201,84,3,0,0,0,342,410,428,142,12,0,1,1,315,348,254,74,0,0,0,1,73,73,42,1,0,0,2,1,0,0,0,1,0,0,0,0,0,0,0,0,0,0,0,1,0,0,0,0,0,0,0,0,9,6,7,8,1,1,1,0,7,13,4,0,4,2,1,0,16,10,0,28,1,1,1,0,121,76,10,15,0,0,1,0,482,195,34,16,10,0,2,1,486,406,89,11,1,0,0,0,479,441,150,36,5,1,4,0,296,260,196,95,4,0,1,0,48,44,58,3,2,2,2,1,2,0,1,0,3,3,1,0,7,4,5,7,0,0,0,1,5,11,2,0,2,1,1,1,14,8,0,24,0,0,0,0,8,19,8,14,0,0,1,0,167,66,31,14,8,0,1,2,490,234,46,9,0,0,0,1,556,353,53,30,3,0,3,1,446,218,93,41,6,0,0,1,139,45,58,5,4,2,3,1,48,1,4,3,4,5,0,0,0,0,0,0,1,1,2,1,1,7,1,0,2,2,3,0,10,6,1,16,1,1,1,1,5,16,6,11,2,2,2,1,16,19,23,11,6,0,0,0,41,65,43,5,0,1,1,1,391,181,8,22,0,1,0,1,498,376,89,32,7,0,0,0,417,235,55,6,5,1,1,0,145,75,10,4,7,6,1,2,0,0,0,0,0,1,2,2,0,0,0,0,0,2,4,1,8,4,0,14,0,1,0,2,4,14,4,10,0,2,1,1,14,16,20,10,5,0,0,1,35,24,39,5,0,1,0,1,96,50,7,19,0,1,1,2,402,259,86,28,5,0,0,1,417,369,105,8,3,0,0,1,351,225,61,4,6,5,1,1,0,0,0,0,1,0,3,3,0,0,0,1,0,1,7,0,0,0,0,0,1,2,1,4,0,9,4,7,1,2,1,2,8,11,14,7,0,0,0,0,24,17,28,3,1,0,1,0,11,41,3,15,2,1,2,2,0,41,31,24,1,0,0,1,29,1,55,7,0,0,1,0,152,126,64,1,0,1,0,0,-0.24352802127420098,0.3517511868411259,-0.06687994643048673,-0.2325332988087508,0.592430386658771,-0.08764960628126943,-0.09402628761398338,1.242593067327176,-0.07178895861916132
22,2,0,47,56,2,0,0,0,0,3,107,79,1,2,0,3,2,4,73,82,5,0,1,0,2,5,2,71,6,4,1,0,0,0,0,7,56,3,3,3,0,0,0,1,1,0,0,1,0,1,0,1,1,0,0,2,0,0,0,1,1,0,0,2,0,0,0,0,1,0,0,2,0,1,0,0,0,0,0,1,72,164,189,156,0,0,0,0,146,201,165,144,2,0,0,1,61,181,140,141,62,0,0,0,0,43,93,138,172,175,43,0,0,0,0,94,257,244,59,4,0,0,0,0,74,47,7,3,2,0,0,0,0,4,3,5,1,0,0,0,0,0,0,2,0,0,0,0,0,0,1,2,0,0,0,0,0,0,0,1,74,165,190,154,0,0,0,0,145,201,167,139,2,0,0,0,57,183,143,141,59,0,0,0,0,0,88,187,217,128,39,0,0,0,0,92,253,137,58,5,0,0,0,0,23,44,9,4,3,0,0,0,0,4,4,6,2,0,0,0,0,0,0,2,0,0,0,0,0,0,2,2,1,0,0,0,0,0,1,1,75,164,190,153,0,0,0,0,140,201,169,136,3,0,6,0,11,179,184,183,54,0,0,0,0,0,18,189,175,74,0,0,0,0,0,34,162,80,0,3,0,0,0,0,19,40,3,1,3,0,0,0,0,6,1,2,2,0,0,0,0,0,0,0,0,0,0,0,0,0,1,0,0,0,0,0,0,0,0,0,77,164,188,152,63,0,0,0,86,203,173,135,52,0,6,0,7,168,183,183,47,0,0,0,0,0,16,139,77,29,0,0,0,0,0,28,87,73,0,6,0,0,0,0,14,31,0,0,3,0,0,0,0,6,1,2,1,0,0,0,0,0,0,0,0,0,0,0,0,0,1,0,0,0,0,0,0,0,0,0,127,166,184,150,110,0,0,0,87,202,173,135,97,0,8,0,3,163,182,184,46,0,0,0,0,0,16,136,76,27,0,0,0,0,0,27,83,69,0,8,0,0,0,0,12,27,0,0,3,0,0,0,0,6,1,2,1,0,0,0,0,0,0,0,0,0,0,0,0,0,1,0,0,0,0,0,0,0,0,0,130,166,143,146,153,0,0,0,85,199,173,133,99,0,9,0,0,120,182,186,47,0,0,0,0,0,16,134,76,26,0,0,0,0,0,25,79,65,0,9,0,0,0,0,10,23,0,0,0,0,0,0,0,0,0,0,0,0,0,0,0,0,0,0,0,0,0,0,0,0,1,0,0,0,0,0,0,0,0,0,132,165,139,140,158,77,0,0,31,194,172,135,145,29,5,0,0,65,179,191,49,0,1,0,0,0,13,124,69,23,0,0,0,0,0,21,70,56,0,4,0,0,0,0,5,16,0,0,0,0,1,0,0,0,0,0,0,0,0,0,0,0,0,0,0,0,1,1,0,1,0,0,0,0,1,0,0,0,0,0,132,165,136,137,161,81,0,0,28,188,174,139,146,31,8,0,0,59,177,194,50,0,2,0,0,0,11,74,64,24,0,0,0,0,0,19,27,52,0,4,0,0,0,0,4,14,0,0,0,0,2,0,0,0,1,0,0,0,0,0,0,0,0,0,0,0,1,1,0,1,1,0,0,0,1,0,0,0,0,0,131,167,133,134,163,135,0,0,23,144,175,142,149,72,10,0,0,13,173,194,52,0,2,0,0,0,9,70,58,23,0,0,0,0,0,16,25,48,0,4,0,0,0,0,2,12,0,0,0,0,2,0,0,0,1,0,0,0,0,0,0,0,0,0,0,0,1,1,0,1,1,0,0,0,0,0,0,0,0,0,128,215,126,129,164,134,3,0,16,94,174,146,157,179,56,0,0,7,163,199,110,0,6,0,0,0,7,67,49,17,0,0,0,0,0,11,19,40,0,0,0,0,0,0,1,8,0,0,0,1,1,1,0,0,0,0,0,0,0,0,0,0,0,0,0,0,0,1,0,0,0,0,0,0,0,0,0,0,0,0,128,218,125,63,76,27,2,0,13,96,128,143,155,181,121,0,0,0,159,201,175,75,56,0,0,0,9,109,48,15,0,0,0,0,0,10,16,36,0,0,0,0,0,0,0,6,0,0,0,1,2,0,0,0,0,0,0,0,0,0,0,0,0,0,0,1,0,0,0,0,0,0,0,0,1,0,0,0,0,0,172,264,128,17,16,0,0,0,84,137,86,87,153,179,116,0,0,5,117,140,176,191,108,0,0,0,61,170,113,71,0,0,0,0,0,13,17,34,0,0,0,0,0,0,0,6,0,0,0,0,3,0,0,0,0,0,0,0,0,0,0,0,0,0,0,1,1,1,0,0,0,0,0,0,0,0,0,0,0,0,171,263,178,16,0,0,0,0,144,194,128,86,53,0,22,0,0,56,68,95,175,189,106,0,0,0,60,209,204,166,54,0,0,0,0,58,70,31,0,0,0,0,0,0,0,5,0,0,0,0,3,0,0,0,0,0,0,0,0,0,0,0,0,0,0,0,0,0,0,0,0,0,0,0,0,0,0,0,0,0,29,19,8,11,0,0,0,3,23,103,116,34,0,0,18,0,193,235,174,96,0,0,5,0,147,210,122,151,14,0,1,0,0,33,130,148,223,78,0,0,0,0,4,103,154,50,3,1,0,0,0,0,4,44,0,1,0,0,0,0,1,0,0,0,0,0,0,0,0,0,0,0,0,0,0,0,0,0,0,0,24,15,6,9,0,0,0,6,19,15,18,29,0,0,22,1,49,91,95,30,10,0,3,0,152,210,165,110,11,0,0,0,153,176,133,148,53,11,0,0,0,104,179,102,60,10,3,1,0,0,0,47,67,44,4,1,0,0,0,1,5,1,2,2,0,0,0,0,2,0,0,0,0,0,0,0,1,0,0,0,21,12,3,7,0,0,0,9,15,12,13,25,0,0,26,4,8,20,24,26,8,0,2,0,14,113,98,54,9,0,0,0,145,177,183,147,3,0,0,0,175,190,179,105,19,5,1,0,0,133,128,50,64,0,5,1,0,0,0,4,48,40,5,3,0,0,0,0,48,2,2,1,0,0,0,0,1,0,1,1,14,7,0,3,1,0,5,14,9,7,6,17,0,0,44,7,4,11,16,18,5,0,0,5,10,22,20,10,7,0,46,0,29,15,45,19,1,10,0,0,59,188,231,64,13,5,0,0,157,200,134,176,20,0,0,0,74,175,178,100,43,33,5,1,0,0,52,1,48,7,5,1,0,0,0,0,3,3,4,0,0,0,0,0,0,2,5,7,7,5,3,14,0,1,42,3,2,7,12,14,3,2,0,3,8,17,16,8,5,5,42,2,25,11,0,16,0,43,0,0,2,66,56,21,11,0,0,0,56,201,193,129,18,0,0,0,128,236,180,217,40,0,3,0,1,115,167,78,46,5,3,0,0,0,0,1,3,7,4,1,0,0,0,0,0,3,7,8,0,0,0,0,1,2,40,3,1,4,9,12,2,3,0,5,6,14,13,7,4,6,38,2,21,8,0,14,0,43,0,0,2,0,10,17,9,1,0,0,13,48,55,67,17,0,0,0,79,234,240,214,38,0,1,0,66,232,218,221,43,2,3,0,1,76,119,57,4,9,5,1,0,0,0,0,0,3,1,10,0,0,0,0,0,2,0,4,0,0,0,0,0,4,0,8,2,10,8,4,1,7,0,4,16,4,0,9,0,40,0,0,0,0,5,11,5,0,1,1,9,40,11,22,13,0,1,0,22,42,20,46,33,0,0,0,59,22,33,65,41,1,0,0,40,72,108,86,9,9,0,0,0,0,0,0,0,2,1,9,0,0,0,0,0,1,0,4,0,0,0,0,0,2,0,8,1,8,6,4,1,6,0,3,14,3,0,7,0,38,0,0,0,0,3,9,3,0,1,0,7,36,10,20,11,0,1,0,19,38,18,41,29,0,0,0,14,18,31,20,39,0,0,0,35,17,33,40,11,10,0,0,-0.1636893887996173,0.398715724960938,-0.09108653542258904,-0.17244904541539463,0.5692936890696324,-0.07125705316800067,-0.17275923713372138,0.5774986296748402,-0.0687464047729382,-0.2683294965651668,1.0855283993999556,-0.07006952950751615,-0.11629495556235366,1.5667323057778428,-0.08165643553828657,-0.02145295118538944,1.1850296184304376,-0.06368677228477984
11,0,0,0,1,0,1,0,2,0,0,0,1,1,1,1,0,0,1,1,1,1,1,1,0,1,4,1,1,1,1,1,0,171,63,2,0,1,0,1,2,417,158,4,1,0,0,0,0,436,149,1,1,0,1,2,1,307,127,55,2,3,2,3,0,78,86,100,61,3,2,1,1,2,3,51,4,2,3,1,0,0,0,0,0,0,0,0,0,0,1,0,0,0,1,0,1,0,3,2,0,2,1,0,0,55,45,2,6,2,0,0,0,340,197,50,0,1,0,2,1,482,370,117,0,0,0,0,1,481,384,169,7,0,1,2,4,416,392,351,248,101,2,0,2,158,301,409,359,152,9,5,2,16,88,153,100,51,48,2,1,0,0,0,0,1,1,1,0,0,0,0,1,1,2,1,1,0,2,3,1,3,1,1,0,50,44,3,9,3,1,1,0,335,194,50,1,1,1,3,0,483,373,118,0,0,0,0,1,484,383,166,10,1,2,2,4,418,390,259,150,98,2,0,2,153,236,259,178,99,10,7,2,17,27,95,95,51,46,3,0,0,0,0,0,0,1,0,1,0,0,1,0,1,1,1,2,0,1,3,0,2,0,0,0,44,42,4,9,2,1,1,0,216,132,51,1,0,0,3,0,424,314,117,0,0,0,0,1,426,315,85,8,0,0,0,4,364,220,88,59,48,1,0,3,86,106,112,86,47,11,7,3,15,23,41,35,48,44,3,0,0,0,0,0,0,2,0,2,0,0,0,0,2,1,2,3,0,1,1,0,1,1,1,1,38,40,4,10,2,1,2,0,109,127,51,3,1,0,3,1,363,311,114,0,0,0,0,0,368,311,80,6,0,1,0,2,263,216,45,16,44,1,0,3,30,39,65,34,47,12,8,4,13,19,37,34,44,43,4,1,0,0,0,0,0,2,1,1,0,0,0,0,0,0,1,1,0,0,0,0,0,2,0,1,32,31,2,7,0,3,1,0,245,73,46,50,3,0,0,1,187,185,175,103,56,0,0,0,164,181,147,125,79,0,0,0,0,86,175,208,104,4,2,0,0,0,55,35,104,70,57,3,5,0,0,23,35,41,6,3,0,0,0,0,0,0,1,0,0,0,0,0,0,0,0,0,0,0,0,0,0,0,0,0,76,78,1,3,0,0,0,0,171,278,106,0,0,0,0,0,78,175,166,105,113,65,0,0,0,49,138,129,181,151,0,0,0,0,32,201,215,137,4,0,3,0,4,32,53,67,54,9,0,0,0,11,23,35,9,8,1,0,0,0,0,0,0,0,2,1,0,0,0,0,0,0,0,2,0,0,0,0,0,0,18,75,72,59,0,0,0,0,39,111,299,174,4,0,0,0,7,35,167,144,115,124,99,0,0,0,0,129,179,199,197,0,3,0,0,0,152,183,153,0,4,13,2,0,50,61,54,12,0,0,0,9,21,30,8,7,2,0,0,0,0,0,0,0,3,0,0,0,0,0,0,0,0,2,2,0,0,0,0,0,15,17,68,104,67,0,0,0,33,21,79,273,225,26,0,0,5,31,25,142,155,124,152,77,0,0,0,0,128,194,199,192,3,0,0,0,0,116,214,174,5,11,0,0,3,0,51,13,0,0,0,7,18,26,7,6,0,0,0,0,0,0,0,0,0,0,0,0,0,1,0,0,1,0,0,0,1,0,1,0,0,0,13,36,14,20,40,31,0,0,15,18,21,20,154,300,0,0,20,1,35,35,150,340,39,46,0,0,11,13,79,163,2,6,1,0,6,23,22,38,4,0,4,0,6,2,1,0,2,1,0,4,12,19,3,0,1,0,0,1,0,0,0,0,0,0,1,0,1,0,1,0,1,0,1,0,1,0,1,0,0,0,11,30,12,17,34,28,0,0,13,15,18,17,52,51,0,0,18,0,31,30,50,37,37,45,0,0,10,11,75,50,1,8,2,0,8,21,23,35,5,0,5,0,8,1,2,0,3,2,0,4,11,17,3,0,-0.1560885601989543,0.17525678098698996,-0.07156121428458694,-0.7563466532068791,0.15433658383674065,-0.06683266217542028,-0.9199361020200935,0.1569428756342416,-0.06216513233796114,-0.9852113503742843,0.1577717167284089,-0.07660341034352759
8,1,1,0,0,0,0,0,0,0,0,0,0,0,0,0,0,1,2,3,0,0,0,0,0,2,71,188,147,2,0,1,0,0,49,167,98,113,125,64,2,0,0,77,96,129,167,159,2,1,0,0,124,189,167,56,1,0,3,1,2,72,3,2,3,1,1,0,0,0,0,0,1,0,1,0,0,0,0,0,0,1,1,0,0,0,0,0,0,0,0,0,0,0,0,0,0,1,41,61,42,0,0,0,0,2,75,182,147,6,0,0,0,0,92,167,94,105,119,105,0,0,0,77,89,70,108,161,121,0,0,0,120,137,165,114,3,0,0,0,6,139,126,3,2,1,0,0,0,3,3,2,3,0,1,0,0,0,0,0,0,2,2,1,1,0,0,0,0,1,1,0,0,0,0,0,0,2,38,22,38,0,0,0,0,3,73,184,146,8,0,0,0,0,87,168,94,101,116,104,0,0,0,78,85,68,107,163,120,0,0,0,117,136,164,118,5,0,0,0,8,141,125,5,1,2,0,0,0,5,5,3,3,1,2,0,0,0,0,0,0,1,1,0,1,0,0,0,0,2,1,0,1,0,0,0,0,1,0,23,36,1,0,0,0,1,0,187,147,9,0,0,0,0,0,167,93,97,115,104,0,0,0,76,81,67,106,165,120,0,0,0,113,137,165,120,6,0,0,0,9,142,123,5,1,1,0,0,0,6,7,3,3,0,0,0,0,1,0,0,0,2,1,0,1,0,0,0,0,3,1,0,0,0,0,0,0,2,0,27,33,0,0,0,0,2,0,194,148,9,0,0,0,0,0,167,90,91,112,103,0,0,0,72,77,67,106,202,116,0,0,0,109,140,168,120,8,0,0,0,10,138,114,2,1,2,0,0,0,6,7,3,4,1,0,0,0,0,0,0,0,3,1,0,0,0,0,0,0,4,1,0,0,0,0,0,0,3,0,27,31,0,0,0,0,3,0,196,148,9,0,0,0,0,0,168,91,90,109,100,0,0,0,71,77,68,107,202,112,0,0,0,109,142,168,119,8,0,0,0,11,136,108,2,1,3,0,0,0,6,7,4,5,1,0,0,0,0,0,0,0,3,1,0,0,0,0,0,0,4,1,0,0,0,0,0,0,3,0,26,29,0,0,0,0,3,0,150,145,8,0,0,0,0,0,170,134,90,108,52,0,0,0,70,79,118,168,200,24,0,0,0,108,195,168,77,7,0,0,0,11,93,42,2,1,3,0,0,0,5,7,4,5,1,0,0,0,0,0,0,0,0,1,0,0,0,0,0,0,0,3,0,0,0,0,0,0,0,0,21,21,0,0,0,0,0,0,12,22,6,0,0,0,0,0,45,41,29,12,44,0,0,0,24,41,36,32,51,17,0,47,0,27,62,51,29,4,0,0,0,10,32,37,5,3,0,0,0,0,1,3,3,4,0,0,1,0,0,0,0,0,-0.17259925703154747,0.4351012704849018,-0.07478411321950948,-0.17312746724225894,0.4356592464382865,-0.07478411321950948
7,1,2,0,0,0,0,0,0,3,1,0,0,0,0,0,0,1,0,46,3,0,0,0,0,2,62,241,158,2,0,0,0,0,106,191,60,99,68,67,0,2,3,102,55,40,118,188,139,0,0,0,79,109,163,163,122,0,0,0,4,134,166,67,0,2,0,0,0,0,5,2,0,0,1,0,0,0,0,0,0,2,2,0,0,0,0,0,0,4,0,0,0,0,0,0,0,2,0,42,4,1,0,0,0,2,61,192,158,4,0,0,0,0,60,193,112,96,66,63,0,0,4,102,56,41,79,183,138,0,0,0,77,108,122,164,125,0,0,0,4,138,167,68,0,2,0,0,0,43,8,4,0,0,0,0,0,0,1,0,0,3,0,0,0,0,0,0,0,4,0,0,0,0,0,0,0,2,2,38,4,1,0,0,0,2,0,137,155,5,0,0,0,0,3,195,114,93,66,60,0,0,2,101,58,44,80,179,136,0,0,0,76,109,122,165,125,0,0,0,4,142,165,67,0,2,0,0,0,40,10,5,0,0,0,0,0,0,0,0,0,1,0,0,0,0,0,0,0,2,0,0,0,0,1,0,0,3,4,33,6,1,0,0,0,3,0,246,200,6,0,0,0,0,1,198,114,89,67,61,0,0,0,47,60,51,84,176,140,0,0,0,68,114,174,208,126,0,0,0,1,143,161,64,0,4,0,0,0,32,11,5,0,1,0,0,0,0,0,0,0,1,0,0,0,0,0,0,0,2,0,0,0,0,1,0,0,3,7,35,51,1,0,0,0,3,43,248,200,4,0,0,0,0,3,198,111,86,67,61,0,0,0,47,59,53,86,178,141,0,0,0,64,156,174,208,122,0,0,0,0,143,157,61,0,4,0,0,0,28,11,5,1,1,0,0,0,0,0,0,0,1,0,0,0,0,0,0,0,3,0,0,0,0,0,0,0,1,11,38,47,0,0,0,0,1,43,249,160,0,0,0,0,0,41,199,181,85,14,4,0,0,0,3,62,176,186,165,39,0,0,0,19,215,215,88,15,0,0,0,0,83,52,50,1,2,0,0,0,20,10,5,1,0,0,0,0,0,0,0,0,1,0,0,0,0,0,0,0,3,0,1,0,0,0,0,0,1,11,36,7,0,0,0,0,1,41,156,102,0,0,0,0,0,0,202,227,83,12,4,0,0,0,2,64,237,188,81,36,0,0,0,17,173,135,86,15,0,0,0,0,29,50,48,1,2,0,0,0,18,9,6,1,0,0,0,0,0,0,0,0,-0.09005735779375627,0.41658968518875267,-0.06488207445622467
14,1,1,1,1,0,1,0,1,0,1,1,0,0,1,0,1,0,1,1,1,0,1,0,2,0,1,1,2,0,2,2,69,0,0,0,2,1,2,46,178,2,1,3,0,2,5,88,123,1,2,0,2,0,4,10,46,0,2,2,2,2,4,3,2,2,1,2,2,2,1,0,0,1,3,2,2,1,2,0,1,0,0,0,0,0,0,0,0,0,0,0,0,0,0,0,0,0,0,2,0,1,0,0,3,0,2,0,2,0,3,3,73,1,0,1,3,0,3,50,198,9,0,5,0,3,8,83,161,0,4,0,3,0,5,16,47,0,3,3,3,3,7,7,7,1,0,3,3,3,0,0,3,0,4,1,2,0,2,0,0,1,1,0,0,0,1,0,1,0,1,1,1,0,1,0,1,0,0,2,0,1,1,0,1,0,3,1,3,0,4,4,76,1,0,1,3,0,4,52,201,10,1,6,0,5,9,79,111,1,5,0,4,0,4,19,48,0,4,4,4,4,8,8,8,2,1,1,2,2,1,1,2,1,2,0,2,0,0,0,0,0,0,0,0,1,0,1,0,0,0,0,0,1,0,1,0,0,0,2,0,1,0,1,1,0,2,0,2,0,4,7,124,0,0,1,0,1,4,122,428,9,0,2,0,5,9,78,280,0,2,0,2,1,2,21,49,0,2,2,2,5,8,9,8,2,1,0,2,3,0,1,0,1,2,0,1,1,0,1,0,0,0,1,1,0,1,0,0,0,0,1,1,0,1,0,1,0,0,1,0,2,2,2,3,2,3,1,4,1,55,242,241,0,0,3,2,54,244,450,430,0,2,7,3,8,157,386,437,3,4,0,2,1,6,149,357,0,4,4,3,5,10,10,107,2,1,2,1,3,1,1,3,0,2,1,1,0,1,0,0,0,0,0,0,1,0,1,0,0,0,0,0,1,0,1,1,0,0,0,0,4,2,4,3,1,3,0,5,3,109,244,238,0,0,2,2,57,303,501,473,0,1,8,3,53,204,444,438,3,4,0,1,3,47,234,427,0,4,4,3,6,10,14,151,2,0,1,0,4,0,3,51,0,1,0,0,1,0,1,0,1,0,0,0,0,0,0,0,0,0,1,0,0,0,0,2,0,0,0,0,5,3,6,2,3,5,1,7,7,112,241,166,0,0,1,3,103,348,500,470,0,2,9,6,53,209,446,485,4,5,1,1,4,50,290,480,1,5,4,2,5,11,56,152,3,0,1,1,4,0,3,52,0,0,0,0,0,1,0,2,0,0,0,0,1,0,1,0,0,0,0,0,1,0,1,2,1,1,0,0,9,3,9,0,4,7,1,57,55,115,96,19,0,0,0,55,223,351,285,112,0,0,3,8,120,309,375,366,4,0,0,0,7,115,298,430,2,1,0,0,4,11,57,237,1,0,0,1,5,0,5,53,0,0,0,0,1,1,1,1,0,1,1,0,0,0,0,0,2,0,1,1,0,0,0,0,3,4,3,3,11,1,8,0,2,6,53,60,123,51,11,0,0,1,55,198,311,163,37,0,0,0,4,53,174,177,198,158,1,0,0,0,5,165,296,247,0,0,1,0,0,8,162,282,0,1,0,1,3,0,6,52,1,1,1,0,0,0,0,0,0,1,1,0,0,0,0,0,4,0,1,1,0,0,0,0,3,6,6,5,11,0,6,0,2,9,55,130,80,2,0,0,0,46,162,268,189,24,0,0,0,0,7,95,171,132,148,155,0,0,0,0,97,166,248,242,0,0,0,0,0,125,242,112,0,1,0,0,1,0,56,46,1,1,1,0,0,0,0,0,0,1,0,0,0,0,0,0,0,1,0,0,0,0,0,0,6,7,9,5,6,0,0,0,7,45,57,33,0,0,0,0,48,160,231,111,16,0,0,0,0,45,170,154,121,128,98,0,0,0,0,149,156,205,142,10,0,0,0,43,206,161,66,26,0,0,0,0,5,37,47,37,0,0,0,0,0,0,0,0,0,1,0,0,0,0,0,0,0,1,0,0,0,0,0,0,6,8,8,4,4,0,0,0,49,44,52,29,0,0,0,0,51,159,99,42,18,0,0,0,0,165,215,150,121,86,27,0,0,0,119,152,158,151,49,8,0,0,4,170,203,48,1,22,0,0,0,0,7,33,43,35,0,0,0,0,0,0,0,0,0,0,0,0,0,0,0,0,0,0,0,0,0,0,0,0,6,6,6,1,2,0,0,0,45,40,0,24,0,8,0,0,54,102,96,46,19,0,0,0,55,213,212,149,119,10,22,0,0,124,171,154,157,0,2,4,0,0,145,172,60,0,0,17,0,0,0,0,7,30,39,30,0,0,0,0,0,0,0,0,0,0,0,0,1,0,1,0,0,0,0,0,0,0,0,0,5,3,3,0,1,0,1,0,39,0,0,20,0,9,0,0,54,96,94,44,18,0,0,0,189,214,209,50,4,6,18,0,108,213,173,86,24,0,0,2,0,148,150,35,3,0,1,15,0,0,0,0,9,29,35,26,0,0,0,0,0,1,0,0,-0.0643453530934071,0.24549650918071583,-0.07853516475443258,-0.01075445015228354,0.26822754900116963,-0.06711497023789295,0.3807737721332209,0.3114378845901319,-0.079304906155142,0.9140363148911334,0.2847477977171305,-0.07028369943859468
8,1,0,0,0,0,0,0,0,1,0,0,0,0,0,0,0,1,0,33,0,0,0,0,0,2,57,173,117,31,1,0,0,1,59,156,105,59,104,120,2,0,0,93,82,101,111,172,76,0,0,0,120,185,154,84,0,1,0,0,8,143,110,0,0,2,1,0,0,0,0,0,0,0,0,0,0,0,0,0,0,1,2,1,0,0,0,0,0,2,2,1,0,0,0,0,0,1,0,29,0,0,0,0,0,2,53,167,119,31,1,0,0,1,56,157,105,60,101,118,2,0,0,94,83,97,108,171,75,0,0,0,120,180,153,83,0,1,0,0,8,143,111,0,0,2,0,0,0,0,0,2,1,0,0,0,0,0,0,0,0,1,3,0,0,0,0,0,0,2,3,2,0,0,0,0,0,2,0,24,0,0,0,0,0,1,45,118,120,34,2,0,0,0,46,154,106,66,102,118,5,0,0,92,85,92,104,174,70,0,0,0,119,176,153,79,0,1,0,0,10,136,67,0,0,3,0,0,0,0,2,6,5,0,0,0,0,0,0,0,1,1,0,0,0,0,0,0,0,1,3,2,0,0,0,0,0,2,0,21,3,0,0,0,0,0,41,166,123,35,2,0,0,0,41,152,100,67,102,122,8,0,0,82,86,90,107,177,64,0,0,0,117,176,154,66,0,1,0,0,11,89,59,0,0,3,0,0,0,0,2,6,6,1,0,0,0,0,0,0,1,1,0,0,0,0,0,0,0,1,3,2,0,0,0,0,0,2,0,21,5,0,0,0,0,0,40,165,124,35,2,0,0,0,39,149,99,69,104,124,8,0,0,79,87,90,109,177,60,0,0,0,115,178,154,61,0,1,0,0,11,87,57,0,0,3,0,0,0,0,2,6,7,0,0,0,0,0,0,0,1,0,1,0,0,0,0,0,0,1,4,2,0,0,0,0,0,1,0,17,4,0,0,0,0,0,35,97,67,28,0,0,0,0,30,92,156,132,147,28,6,0,0,32,142,200,204,60,10,0,0,0,108,178,99,52,1,0,1,0,11,30,49,2,2,1,0,0,0,0,1,6,8,0,0,0,0,0,0,0,1,0,1,0,0,0,0,0,0,1,0,0,0,0,0,0,0,1,0,15,2,0,0,0,0,1,31,15,21,24,0,0,0,0,26,40,77,55,14,26,6,0,0,32,25,64,33,13,8,1,0,0,36,79,38,48,1,0,2,0,11,26,43,1,2,1,1,0,0,0,0,4,7,1,0,0,0,0,0,0,0,0,0,1,0,0,1,1,0,0,0,0,0,0,1,1,0,0,0,13,1,0,0,0,0,0,26,12,17,20,0,0,0,0,22,35,32,13,12,22,6,0,0,29,21,11,29,12,6,0,0,0,32,14,32,0,2,0,2,0,12,22,37,1,1,1,0,0,0,0,0,2,5,0,0,1,1,0,1,2,0,-0.14691414914717718,0.4248228649146237,-0.0735240263323072,-0.004498864092755335,0.6273100849969955,-0.05746727711137176
13,0,79,167,234,187,41,0,0,0,135,235,194,152,2,0,0,0,51,168,194,186,4,0,0,0,0,0,2,170,250,118,0,1,0,0,0,62,161,81,6,4,1,1,0,0,0,2,3,4,1,0,0,0,1,3,5,1,0,1,0,0,0,1,0,3,0,0,0,0,1,1,2,1,0,0,0,0,0,0,1,1,78,168,230,183,43,0,0,0,133,232,192,150,4,0,0,0,48,165,191,184,6,0,0,0,0,0,1,169,203,114,1,1,0,0,0,57,96,82,9,6,1,1,0,0,0,4,5,5,1,0,0,0,1,5,2,2,0,0,0,0,0,2,1,2,0,0,0,0,1,1,1,1,0,0,0,0,0,0,3,2,71,168,219,182,115,0,0,0,49,227,188,155,47,0,0,0,39,109,187,188,8,0,0,0,10,0,5,113,68,63,6,0,0,4,0,48,47,76,45,7,0,0,0,0,0,5,3,6,2,0,0,0,1,6,4,3,0,0,0,0,0,0,1,1,0,0,0,0,1,2,1,2,0,0,0,0,0,0,5,3,67,166,214,183,165,0,0,0,47,225,188,159,50,0,0,0,35,105,185,188,9,1,0,0,11,0,7,71,66,59,6,0,0,3,0,43,43,73,43,8,1,0,0,0,1,6,3,7,3,0,0,0,1,7,4,4,0,0,0,0,0,0,1,2,1,0,0,0,1,3,1,2,1,0,0,0,0,0,5,3,61,164,171,182,168,42,0,0,42,222,188,161,91,0,0,0,30,100,183,190,9,1,0,0,11,0,8,68,63,55,6,0,0,1,0,38,39,69,42,8,0,0,0,0,1,7,3,7,1,0,0,0,1,8,4,3,0,0,0,0,0,0,1,1,0,0,0,0,1,4,1,0,0,0,0,0,0,0,0,1,53,160,166,175,214,86,0,0,0,170,187,165,141,18,0,0,22,49,181,191,10,0,0,1,13,0,12,60,54,44,0,0,0,0,0,29,31,24,0,0,1,0,1,0,0,5,0,1,0,0,0,0,0,0,0,0,0,0,0,0,0,0,0,0,1,0,0,0,0,1,0,0,1,0,0,0,0,0,0,1,50,157,120,172,212,90,0,0,0,108,185,166,197,123,1,0,18,45,182,193,66,0,0,2,14,0,56,57,48,40,0,0,0,0,0,25,27,22,0,0,0,0,0,0,0,3,0,1,0,0,0,0,0,1,0,0,0,0,0,0,0,0,0,0,1,0,0,0,0,0,0,0,0,0,0,0,0,0,0,4,51,109,55,48,53,40,0,0,0,171,136,164,198,123,2,0,14,39,183,196,175,90,0,1,13,0,112,120,43,0,0,0,0,1,0,22,22,20,0,0,0,1,0,0,0,2,0,0,0,1,0,0,0,0,0,0,0,1,0,0,0,0,0,0,1,1,0,0,0,0,0,0,0,1,0,0,0,0,0,6,26,19,0,0,0,0,0,41,55,84,37,0,0,0,0,89,311,234,85,0,0,0,0,104,268,193,137,0,0,0,0,0,53,140,166,206,134,38,0,0,0,1,138,246,172,47,0,0,0,0,0,67,53,43,0,0,0,0,0,1,0,2,0,0,0,0,0,0,0,1,0,0,0,0,0,0,0,0,0,5,22,16,0,0,0,0,2,35,0,10,32,0,0,0,0,24,17,17,18,0,0,0,0,34,149,151,78,0,5,0,0,154,224,184,119,1,0,0,0,111,223,165,136,10,14,0,0,0,71,101,65,81,54,42,0,0,0,0,41,45,58,5,1,0,0,0,0,55,42,3,0,0,0,0,0,0,0,1,0,0,14,11,0,0,0,0,2,25,0,5,24,0,0,0,1,18,7,11,13,0,0,0,3,25,12,12,4,0,6,0,0,11,13,36,1,1,16,0,0,0,28,38,13,6,10,0,0,4,72,67,14,3,0,31,0,99,235,223,135,0,11,2,0,115,234,206,85,9,34,6,0,0,59,48,3,4,5,3,0,0,12,9,0,0,0,1,3,21,0,3,20,0,1,4,1,16,4,9,11,0,1,1,5,21,10,10,3,0,6,0,0,9,10,31,0,0,15,2,0,0,24,32,11,4,8,0,0,2,15,3,12,4,0,0,0,17,19,32,43,2,11,0,0,49,149,204,86,10,29,0,0,90,271,253,67,5,3,0,0,0,0,0,0,2,3,2,3,0,0,0,0,2,0,6,0,14,2,7,9,0,0,1,7,17,8,8,2,1,0,1,0,7,8,27,0,1,0,2,0,0,20,27,9,3,0,1,0,0,13,1,10,5,1,0,0,14,17,28,39,4,0,0,0,44,3,52,42,13,0,1,0,33,86,125,67,6,0,1,0,-0.012579099606829252,0.3368763289777705,-0.0800458427512805,-0.054863306067236384,0.49828415326569253,-0.08078509320038638,0.039648995862649763,0.7229041885979519,-0.08067894806525626,0.000582117994916925,1.0583209718643218,-0.08097344287052298
16,61,214,180,5,1,0,3,0,223,226,170,3,0,0,0,0,155,221,169,2,1,0,1,0,0,78,214,172,58,4,2,0,0,0,61,221,119,4,3,3,0,0,3,2,1,0,0,1,0,0,0,0,0,5,1,0,0,0,0,0,1,0,1,0,0,0,0,0,0,1,0,1,0,0,0,0,0,0,0,0,109,213,178,63,0,0,1,0,224,221,165,51,0,0,0,0,156,219,165,52,0,0,0,0,0,76,211,171,57,5,1,0,0,0,63,181,119,7,4,4,0,0,5,5,4,2,1,3,0,0,0,0,0,8,2,1,0,0,0,0,0,0,2,0,0,0,0,0,0,2,1,1,0,0,0,0,0,0,1,0,106,211,179,105,0,0,0,0,221,216,164,118,0,0,0,0,113,217,167,50,0,0,0,0,0,70,114,107,54,5,0,0,0,0,58,55,66,9,4,5,0,0,5,5,4,2,1,3,0,0,0,0,0,10,1,1,0,0,0,0,0,0,1,0,0,0,0,0,0,2,0,0,0,0,0,0,0,0,0,0,102,205,184,149,4,0,0,0,173,210,167,159,4,0,0,0,52,210,172,46,1,0,0,0,0,27,64,50,44,8,0,1,0,0,49,47,58,14,8,9,0,0,1,2,2,1,1,3,0,0,0,0,1,12,1,1,0,0,0,1,1,0,2,1,0,0,0,0,0,3,0,0,0,0,0,0,0,0,1,0,150,152,180,151,47,0,0,0,170,206,165,160,65,0,0,0,49,210,176,47,1,0,0,0,0,29,64,47,40,8,0,1,0,0,44,42,54,14,8,9,0,0,0,0,0,0,1,3,0,0,0,0,0,11,1,1,0,0,0,1,0,0,2,1,0,0,0,0,0,2,0,0,0,0,0,0,0,0,2,0,196,148,175,153,48,0,0,0,167,201,163,163,117,1,0,0,45,209,219,94,2,0,0,0,0,32,66,45,36,2,0,1,0,0,40,38,50,4,8,9,0,0,0,0,0,0,1,3,0,0,0,0,0,0,0,0,0,0,0,1,0,0,2,1,0,0,0,0,0,0,0,0,0,0,0,0,0,0,2,0,238,139,15,26,44,0,0,0,162,156,159,169,156,5,0,0,0,206,219,181,70,0,0,0,0,81,111,44,29,2,0,0,0,0,32,32,39,4,0,0,0,0,0,0,0,0,0,0,0,0,0,0,0,0,0,0,0,0,0,0,0,0,0,0,0,0,0,0,0,1,0,0,0,0,0,0,0,0,0,0,179,65,12,0,2,0,0,0,266,156,59,21,13,3,0,0,85,157,216,249,118,0,0,0,0,136,245,192,31,3,0,0,0,0,75,34,36,3,0,0,0,0,0,0,0,0,0,0,0,0,0,0,0,1,0,0,0,0,0,0,0,0,0,0,0,0,0,0,0,2,0,0,0,0,0,0,0,0,0,0,70,22,10,0,1,0,0,0,268,154,1,0,0,1,0,0,195,159,110,42,4,0,0,0,79,135,154,256,153,4,0,0,0,69,252,221,100,4,0,0,0,0,75,54,0,1,0,0,0,0,0,0,0,0,0,0,0,0,0,0,0,0,0,0,0,0,0,0,0,3,0,0,0,0,0,0,0,0,0,0,6,14,6,0,0,0,0,4,33,36,0,0,16,2,2,2,160,223,41,0,0,0,0,0,221,209,150,4,0,0,0,0,176,134,183,88,14,2,0,0,0,114,158,189,116,1,0,0,0,0,0,57,46,3,3,2,0,0,0,0,2,0,1,2,0,0,0,0,0,1,0,0,0,0,0,0,0,0,0,0,3,11,4,0,1,1,0,5,27,31,0,0,15,3,6,2,59,34,37,0,0,0,0,0,217,210,147,2,0,0,0,0,218,187,182,46,12,0,0,0,115,168,155,58,25,1,0,0,0,0,1,54,45,5,5,2,0,0,0,2,5,1,3,3,0,0,0,0,1,2,0,0,0,0,0,0,0,1,0,0,1,9,2,0,0,2,1,6,21,26,0,0,13,4,10,3,0,30,31,0,0,0,0,2,22,79,61,3,0,0,0,0,215,189,185,42,9,0,0,0,231,222,196,15,21,0,0,0,47,82,54,12,41,4,6,1,0,0,1,4,6,2,5,4,0,0,0,0,3,3,2,1,0,0,0,0,0,2,1,1,0,0,0,1,0,1,1,1,13,16,0,0,11,0,15,4,0,18,22,0,1,4,1,6,15,11,1,1,0,0,0,0,7,0,23,33,6,0,0,0,41,91,115,23,14,0,0,0,140,205,182,152,0,0,3,0,112,241,174,117,5,0,3,1,0,49,81,3,9,1,3,2,0,0,0,0,2,1,1,2,0,0,0,2,0,2,2,2,11,14,0,0,9,1,6,2,0,14,18,0,0,6,1,1,13,9,0,1,0,0,2,2,5,0,19,29,4,0,0,2,0,11,14,20,12,0,0,0,41,56,91,39,0,12,0,0,112,241,222,204,5,0,0,0,47,199,235,170,9,0,0,0,0,0,69,2,2,4,1,1,0,0,0,2,0,2,2,2,0,0,0,2,0,1,7,2,0,9,13,0,1,6,1,3,11,6,0,1,0,0,2,2,4,0,14,24,3,0,0,2,0,8,11,17,10,0,0,0,1,49,9,35,0,10,0,0,25,58,110,83,7,0,0,0,48,243,236,231,59,0,0,0,2,165,218,169,48,4,0,0,0,0,0,2,0,1,2,2,0,0,0,2,0,2,6,0,1,0,0,1,0,0,0,4,0,0,0,0,1,1,0,0,2,0,10,16,1,0,0,0,0,5,8,13,6,0,0,0,1,4,5,27,1,6,0,0,18,49,28,22,9,0,0,0,40,17,43,35,57,0,1,0,37,57,57,51,52,5,0,0,-0.1867470300478301,0.4137149412551178,-0.05121298051734753,-0.16555784388908917,0.6615359494489897,-0.0722168444870999,-0.08537384675651528,0.8678804785203684,-0.07014568272077545,-0.09084418490831268,0.8417257953225045,-0.0807070066657672
7,2,0,0,0,0,0,0,0,3,0,1,0,0,0,0,0,2,39,62,42,0,0,0,0,3,116,246,146,1,0,0,0,1,145,148,56,53,99,72,0,0,3,98,82,52,104,188,132,0,0,0,111,136,157,155,53,0,0,0,77,163,107,44,0,2,0,0,0,54,4,3,2,1,0,0,0,0,0,1,0,2,1,0,0,0,0,0,0,3,0,1,0,0,0,0,0,2,32,13,34,0,0,0,0,3,72,102,136,3,0,0,0,1,41,202,104,59,96,69,0,0,2,98,80,53,98,179,130,0,0,0,107,132,150,155,54,0,5,0,32,166,112,41,0,2,0,0,0,52,9,5,5,0,1,0,0,0,0,0,1,3,1,0,0,0,0,0,0,4,0,1,0,0,0,0,0,3,30,13,30,0,0,0,0,4,69,100,130,5,0,0,0,0,38,199,106,62,96,73,0,0,2,96,81,55,95,174,132,0,0,0,105,131,146,156,58,0,3,0,31,166,115,41,0,3,0,0,0,50,11,7,4,1,1,0,0,0,1,0,0,1,0,1,1,0,0,0,0,1,0,0,0,0,0,0,0,1,0,14,22,0,0,0,0,1,0,144,126,9,0,0,0,0,0,195,105,66,96,111,0,0,0,89,81,59,91,169,138,0,2,0,101,129,143,158,61,0,0,0,30,165,115,38,0,1,0,0,0,45,11,8,4,0,0,0,0,0,0,0,0,1,0,1,0,0,0,0,0,1,0,0,0,0,0,0,0,1,0,15,20,0,0,0,0,1,0,145,125,9,0,0,0,0,0,196,104,66,96,108,0,0,0,87,80,59,91,169,138,0,1,0,101,129,144,158,59,0,0,0,30,163,113,35,0,2,0,0,0,43,11,7,5,0,0,0,0,0,0,0,0,1,0,1,0,0,0,0,0,1,0,0,0,0,0,0,0,1,0,15,18,0,0,0,0,1,0,146,123,7,0,0,0,0,0,196,104,68,96,103,0,0,0,87,80,61,93,210,96,0,1,0,101,132,147,156,55,0,0,0,31,159,63,31,0,2,0,0,0,39,11,6,5,0,0,0,0,0,0,0,0,1,0,2,0,0,0,0,0,1,0,0,0,0,0,0,0,1,0,13,13,0,0,0,0,1,0,38,26,2,0,0,0,0,0,91,86,71,49,35,0,0,0,21,153,250,205,42,0,0,4,0,57,186,101,50,7,0,0,0,27,50,54,25,0,2,0,0,0,30,8,4,5,0,0,0,0,0,0,0,0,-0.14502644414304713,0.40688350313086846,-0.07430227173590244,-0.14546272336782734,0.4072687744387059,-0.07430227173590244,0.3537006535988349,0.5576092349475591,-0.06097262664702565
17,1,0,0,0,0,0,0,0,1,0,0,1,0,0,1,0,0,0,0,0,0,0,1,0,0,0,0,0,0,0,0,0,0,0,0,1,0,0,1,1,0,0,1,1,0,1,0,0,0,1,0,1,0,1,1,1,2,3,113,160,53,0,1,2,1,53,275,255,183,52,0,1,1,1,84,97,166,252,247,100,0,2,0,0,0,0,0,0,1,1,0,0,0,0,0,0,1,0,0,0,0,0,0,0,0,0,0,0,0,0,0,0,1,2,1,1,0,0,0,0,0,1,2,1,0,1,0,0,0,3,0,3,0,1,0,0,1,48,95,107,56,0,0,0,0,48,267,215,182,103,59,0,0,0,76,94,162,246,250,157,0,1,0,0,0,0,0,0,0,0,0,0,0,0,0,0,1,0,0,0,0,0,0,0,0,0,0,0,0,0,0,0,0,0,0,0,0,0,0,0,0,0,2,1,0,0,0,0,0,3,0,3,0,1,0,0,3,46,93,104,53,0,0,0,0,44,263,264,179,56,56,0,0,0,74,142,166,246,250,99,0,2,0,0,0,0,0,0,0,1,0,0,0,0,0,0,1,1,0,0,0,0,0,0,0,0,0,0,0,0,0,0,0,1,0,1,0,0,0,0,0,1,2,2,0,0,0,0,0,4,0,4,0,1,0,0,4,47,92,102,51,0,0,0,0,43,261,263,176,55,54,0,0,0,74,143,168,246,249,97,0,0,0,0,0,0,0,0,1,0,0,0,0,0,0,0,0,0,0,0,0,0,0,0,0,0,0,0,1,0,0,0,0,0,0,0,0,0,0,0,0,1,0,1,2,0,0,0,0,2,0,4,1,1,0,0,3,2,88,95,44,0,0,0,0,0,204,259,165,54,47,0,0,0,31,143,212,246,246,51,1,0,1,0,0,0,0,0,2,0,1,0,0,0,0,0,1,0,0,0,0,0,0,0,1,0,0,0,0,0,0,0,1,0,1,0,0,0,0,0,0,1,1,1,0,0,0,0,1,2,0,4,0,1,0,0,4,2,86,93,42,0,0,0,1,0,162,256,163,101,48,0,0,0,27,85,210,247,247,51,1,0,0,0,0,0,0,1,2,0,1,0,0,0,0,0,1,0,0,0,0,0,0,0,1,0,0,0,0,0,0,1,1,0,2,0,1,0,0,1,0,1,3,1,0,0,0,0,1,3,0,5,1,1,0,0,4,1,84,92,44,0,0,0,0,0,67,200,167,147,119,4,0,0,23,24,164,250,246,48,1,1,0,0,0,0,0,0,2,1,0,0,0,0,0,0,1,1,0,1,0,0,0,0,1,1,3,1,0,0,0,0,1,2,4,3,2,0,0,0,0,7,8,7,0,0,0,0,1,6,4,61,48,49,53,0,2,0,14,92,169,204,196,45,0,0,9,9,124,270,206,51,0,0,15,14,51,131,107,38,0,1,1,1,0,0,0,0,0,0,0,0,0,0,0,0,0,1,3,1,0,0,0,0,0,3,7,4,0,0,0,0,0,1,11,9,5,0,0,1,0,4,50,13,60,111,84,2,0,0,1,7,116,222,206,6,0,0,10,17,105,206,199,44,0,0,5,5,19,30,82,44,1,1,11,10,6,0,26,29,2,2,1,2,0,0,0,0,1,0,3,2,0,0,0,0,1,4,9,12,44,0,0,0,0,2,2,56,113,168,1,0,0,0,0,48,148,240,142,0,0,0,0,10,12,28,246,289,2,0,0,0,0,17,154,303,0,0,0,7,0,0,31,65,2,4,0,4,9,12,20,46,1,1,0,1,0,0,12,14,5,3,3,4,0,0,0,0,1,0,7,5,2,3,0,0,1,5,10,63,86,49,0,0,0,2,3,56,112,170,111,6,0,0,0,9,57,111,243,274,0,0,0,7,10,89,243,288,3,1,0,0,7,17,108,69,0,3,0,7,0,0,31,59,3,5,0,4,9,10,17,2,2,2,0,0,0,1,0,0,10,2,51,49,44,0,0,0,0,0,56,49,49,118,109,0,0,3,7,58,86,133,184,130,0,0,0,50,154,161,114,135,0,0,0,9,127,149,127,145,0,0,0,3,7,94,191,201,3,2,0,0,4,18,109,20,1,7,1,8,0,0,28,0,4,8,0,3,8,6,12,0,5,2,0,0,0,0,0,0,5,0,46,47,41,3,46,0,0,0,2,0,10,120,205,76,0,0,0,56,127,129,135,130,0,0,0,101,109,91,30,135,0,0,0,10,86,80,124,200,2,1,5,1,8,151,187,31,1,3,0,0,6,21,59,15,2,6,4,9,0,0,24,0,0,0,1,2,7,4,10,0,1,0,0,0,0,0,0,0,5,0,42,42,38,51,45,0,0,0,6,2,12,42,31,29,0,0,0,56,123,79,149,127,0,0,0,46,109,140,205,160,0,0,0,12,142,200,183,11,3,2,9,4,108,89,0,0,1,5,1,2,7,18,14,11,2,8,5,8,0,0,20,0,0,1,2,1,5,3,8,0,1,0,1,0,0,0,0,0,3,0,34,33,31,9,37,0,0,0,9,3,13,39,26,28,0,0,0,6,13,33,40,1,0,0,0,45,38,40,17,13,0,0,2,18,41,1,23,9,5,4,43,0,0,4,0,4,1,5,0,0,3,13,11,7,3,8,3,4,0,0,14,0,1,2,0,0,0,0,0,1,1,0,0,0,0,0,0,0,2,0,32,31,29,8,35,0,0,0,8,2,13,37,25,27,0,0,0,5,12,31,37,0,0,0,0,43,35,37,16,12,0,0,1,17,38,0,21,8,4,3,0,0,0,3,0,3,0,4,0,0,2,12,10,6,3,7,2,3,0,0,13,0,0,2,0,0,0,0,0,0,1,0,0,0,0,0,0,0,0,0,28,27,25,7,31,0,0,0,6,1,12,33,23,25,0,0,0,5,10,27,32,1,0,0,0,37,30,33,14,10,0,0,0,15,32,1,17,6,3,1,0,0,0,2,0,2,0,2,0,0,0,10,8,4,0,0,0,0,2,2,0,0,0,3,0,0,0,0,0,0,1,1,0,0,0,1,0,0,-0.04747133809864827,0.17887712444819112,-0.06685878379572185,-0.005944472905971016,0.020231748093065747,-0.06862904491571607,-0.001506222251841164,0.013023314334383482,-0.06862904491571607,-0.045414120165891705,0.07116632598349003,-0.061744493323428816,-0.0019213977756516146,0.11490053971849418,-0.06532899443403577,0.06604553683340454,0.29111861212715406,-0.07375034969042349
12,0,0,0,0,0,0,0,1,1,0,0,0,0,0,0,0,1,0,0,0,1,0,1,0,1,1,0,1,0,0,0,0,1,0,0,1,1,0,1,1,0,1,0,1,0,0,0,0,1,1,0,4,1,1,2,0,2,51,170,82,4,1,1,1,7,138,303,178,10,0,0,2,2,47,100,90,52,8,2,3,0,0,0,0,0,1,0,1,0,0,0,0,1,0,0,2,1,0,0,0,1,1,1,1,0,0,0,0,1,1,0,1,1,0,0,0,1,1,1,2,0,1,0,1,1,0,0,1,1,51,126,86,1,0,0,0,54,226,250,212,59,0,0,0,70,204,178,125,152,49,1,0,0,0,48,88,198,256,183,1,0,0,0,0,0,0,0,0,0,0,0,0,0,0,0,1,0,0,0,0,0,0,0,0,0,0,0,0,0,0,0,1,0,0,0,0,1,0,1,1,0,1,0,2,0,0,0,0,1,48,124,90,1,0,0,0,50,225,247,211,59,0,0,0,21,152,172,124,155,93,6,0,0,0,0,82,191,260,220,3,1,0,0,0,0,0,0,0,1,0,0,0,0,0,0,1,1,0,0,0,0,0,0,0,0,0,0,0,0,0,0,1,1,0,0,0,1,0,0,1,1,3,1,4,0,0,0,0,2,50,124,90,0,0,0,0,49,228,246,209,57,0,0,0,18,92,168,124,156,143,52,0,0,0,0,81,191,263,214,3,1,0,0,0,0,0,0,0,1,0,0,0,0,0,0,0,0,1,0,0,0,0,0,0,0,1,0,0,0,0,0,0,0,2,0,0,0,0,0,0,1,6,4,6,0,0,0,0,43,111,182,90,0,0,0,0,50,231,203,167,58,0,0,0,15,8,119,121,157,188,122,0,0,0,0,82,193,264,164,2,1,1,0,0,0,0,0,0,2,0,0,0,0,0,0,0,1,0,0,0,0,0,0,0,1,0,0,0,0,0,0,0,1,3,0,1,0,0,0,0,7,61,53,7,0,0,0,0,43,182,232,92,0,0,0,0,4,112,195,111,105,113,55,0,9,0,70,124,208,228,117,3,0,0,0,85,237,145,45,0,1,1,0,0,0,0,0,0,2,1,0,0,0,0,0,0,2,1,0,0,0,0,0,0,0,1,0,0,0,0,0,0,1,6,0,1,0,0,0,0,9,62,55,7,0,0,0,0,39,129,184,92,77,2,0,0,2,19,192,158,169,179,54,0,5,0,66,191,210,148,61,1,0,0,0,82,101,36,40,0,1,0,0,0,0,0,0,0,2,0,0,0,0,0,0,0,2,1,0,0,0,0,0,0,0,1,0,0,0,0,0,0,3,8,0,1,0,0,0,0,11,62,57,52,0,0,0,0,33,65,145,148,134,68,0,0,0,15,187,200,171,73,5,0,3,0,20,143,144,70,7,0,0,0,0,13,33,34,36,0,0,1,0,0,0,0,0,0,0,1,0,0,0,0,0,0,1,5,2,0,0,0,0,0,1,55,88,69,0,0,0,0,5,128,305,148,0,0,0,0,2,90,295,217,11,0,0,0,0,0,0,148,211,171,95,0,0,0,0,2,229,250,189,45,0,0,0,0,75,103,76,5,0,0,0,6,25,32,32,1,1,2,0,0,0,0,0,0,1,3,0,0,0,0,0,0,2,54,47,0,0,0,0,0,4,127,171,70,0,0,0,0,4,20,121,203,153,58,3,0,0,3,43,148,181,179,144,0,0,0,0,29,208,226,136,38,0,0,0,1,40,63,90,43,0,5,0,0,19,21,32,6,1,0,0,4,21,28,28,1,3,2,0,0,0,0,0,0,2,5,6,45,0,0,0,0,1,3,44,171,122,0,0,0,3,21,29,56,167,142,9,0,1,14,61,144,155,160,73,0,0,1,89,119,149,13,0,0,0,10,1,27,3,8,22,31,0,0,4,2,0,12,14,36,0,2,7,0,14,14,24,5,1,0,0,0,13,19,19,1,3,0,0,3,0,0,0,0,0,3,8,41,0,2,0,1,0,5,4,50,79,58,3,0,0,22,93,177,90,13,9,0,0,66,133,83,24,0,0,0,8,60,86,1,0,10,0,0,0,11,0,23,1,6,20,29,0,0,3,0,0,10,12,32,0,1,5,0,12,12,20,4,0,2,1,0,0,0,0,0,0.016631476732413324,0.32172672120037504,-0.07297477189265436,0.003952073624115014,0.31000149317556214,-0.07998131782411076,-0.00022509460868391784,0.1137319844440756,-0.07281885277677722,0.12597604581090543,-0.04711606524166497,-0.08494260512633517
17,1,0,0,0,0,0,0,0,0,1,0,0,0,1,0,0,1,0,1,0,0,1,0,0,0,1,1,1,0,2,0,3,2,0,1,0,1,1,49,173,1,0,1,0,1,4,52,191,1,0,0,2,0,2,47,50,0,2,2,1,3,2,5,4,4,0,2,2,2,1,2,2,2,0,0,0,0,1,0,0,0,0,1,1,0,0,0,0,0,1,1,1,0,0,0,1,0,1,1,1,0,0,0,1,0,2,0,1,0,2,2,65,0,0,0,1,0,1,52,371,1,2,3,0,1,6,102,413,2,3,0,3,3,2,51,161,0,2,2,2,4,3,8,58,3,0,2,3,4,0,5,44,0,1,0,1,1,1,1,0,0,0,0,0,0,1,0,1,0,1,0,0,0,0,0,0,0,1,1,0,1,0,1,2,0,2,0,0,0,3,3,117,0,0,0,0,1,3,115,439,1,2,5,0,2,11,167,492,2,4,0,2,2,3,112,272,1,2,2,2,6,5,12,62,4,0,2,3,5,0,8,45,0,1,0,0,1,2,1,1,1,0,0,0,0,1,0,0,0,0,0,1,0,1,0,0,0,1,2,0,0,1,0,2,0,3,0,1,0,4,3,117,1,0,1,0,0,6,118,488,2,2,8,0,2,14,166,494,3,5,0,2,2,4,110,274,2,3,3,3,7,7,14,101,5,0,3,4,5,1,10,45,1,2,1,1,0,3,0,0,0,0,0,0,1,0,1,1,0,0,0,0,1,0,1,1,0,0,2,0,1,0,1,4,1,4,0,1,2,7,60,163,0,0,2,0,1,11,239,541,2,3,13,0,3,61,276,545,9,6,0,0,3,5,112,332,0,4,4,1,10,8,20,104,6,0,4,1,7,0,13,48,0,3,0,0,1,4,1,1,0,0,1,1,0,0,0,0,0,1,1,1,0,0,0,0,0,1,1,0,1,1,2,5,2,3,0,3,1,13,104,209,0,2,3,1,49,106,424,540,0,3,8,4,8,114,438,541,7,3,1,0,6,50,253,472,0,3,3,3,10,11,71,176,1,0,3,2,6,1,14,51,0,1,1,1,0,5,0,2,1,0,0,0,0,1,0,0,0,0,1,0,0,1,0,1,0,0,0,0,2,2,3,3,1,1,0,7,3,21,100,75,1,2,6,6,47,112,338,287,2,3,9,8,15,119,442,540,9,4,1,0,9,52,250,468,1,4,1,1,10,14,71,177,1,0,4,2,3,3,12,56,0,2,0,0,0,7,0,3,0,1,1,1,0,0,0,0,0,0,2,1,0,1,0,1,0,1,1,1,3,2,4,2,0,1,1,8,5,23,56,18,0,2,7,9,49,157,274,165,2,3,11,9,79,244,444,453,9,4,1,1,11,108,307,469,1,4,1,1,11,14,72,284,0,0,5,2,3,2,13,59,0,2,1,1,0,7,0,4,0,0,0,0,1,0,0,0,1,0,0,0,0,1,0,0,2,0,1,1,4,1,5,0,0,0,2,53,51,26,51,15,1,1,5,51,195,247,122,30,0,0,3,10,168,328,320,278,0,0,0,0,13,157,362,347,2,0,0,0,9,14,198,373,0,0,0,0,2,1,56,103,0,0,0,0,1,6,1,3,2,2,1,0,0,0,0,0,5,0,1,1,0,0,0,0,3,6,6,5,4,0,2,0,0,6,50,55,47,20,0,2,0,5,51,164,151,55,49,0,0,0,6,110,209,160,143,107,0,0,0,0,59,162,212,162,3,0,0,0,0,92,261,240,0,0,0,0,0,1,116,118,1,0,2,0,1,2,0,0,3,2,0,0,0,0,0,0,8,0,1,1,0,0,0,0,4,8,8,7,3,0,0,0,2,9,49,53,42,16,0,0,0,9,93,161,99,51,44,0,0,0,48,155,207,118,139,62,0,0,0,0,117,162,165,161,3,0,0,0,1,162,256,151,0,0,0,0,0,48,116,57,2,0,1,0,0,2,0,0,4,2,0,0,0,0,0,0,10,0,0,1,0,0,0,0,7,10,9,7,1,0,0,0,5,11,48,49,0,12,0,0,3,50,96,117,96,49,0,0,0,0,101,197,202,116,136,58,0,0,0,45,169,159,166,115,1,0,0,0,81,165,250,52,0,0,0,0,0,50,113,52,2,2,0,0,0,1,0,0,0,0,0,0,0,0,0,0,3,0,0,0,0,0,0,0,5,6,10,5,0,0,0,0,8,48,43,40,0,4,0,0,10,50,97,74,88,0,0,0,0,75,209,194,144,113,21,0,0,0,100,161,164,157,43,28,0,0,0,127,207,135,29,6,1,0,0,0,54,48,59,48,0,2,0,0,0,0,1,4,0,0,0,0,0,0,0,0,3,0,0,0,0,0,0,0,5,5,7,2,0,0,0,0,9,44,0,35,0,2,0,0,14,52,96,117,32,0,0,0,47,130,210,190,101,37,0,0,0,82,153,159,162,17,2,0,0,0,80,179,148,7,26,6,1,0,0,0,49,47,60,46,0,0,0,0,0,0,43,6,0,0,0,0,0,0,0,1,0,0,0,0,1,0,0,2,2,0,2,0,0,0,0,2,9,32,2,24,0,3,0,1,64,37,33,18,20,0,0,6,198,20,13,0,0,0,0,2,268,73,13,0,0,10,1,3,232,349,272,90,45,6,18,0,54,146,182,47,15,7,9,0,0,0,0,29,3,44,32,0,0,0,1,2,1,1,2,1,0,0,0,0,2,1,1,2,1,0,1,1,0,0,2,1,7,28,2,20,0,4,2,0,10,32,28,16,16,0,2,7,27,22,14,0,0,0,8,2,227,125,15,0,0,8,1,2,338,252,41,8,0,3,0,0,138,58,36,2,14,6,0,0,0,1,0,25,4,40,0,0,0,0,0,1,2,2,2,1,0,0,0,0,3,1,2,3,1,0,0,1,1,1,2,2,5,24,1,18,0,0,2,1,8,28,24,14,14,1,3,8,69,23,14,0,0,7,10,3,230,30,13,0,0,0,1,3,200,34,35,6,1,0,0,0,82,16,30,2,13,0,0,0,2,1,0,21,4,0,0,0,-0.021314046477668522,0.24065379579672053,-0.06197105493994761,-0.05179829771355665,0.2241785480443009,-0.07664520645392509,-0.05213477337926475,0.22270111867873854,-0.07664520645392509,0.9341665318429583,0.2149648210001965,-0.07484311600623461,1.2842412799638003,0.19167126303631785,-0.08030098981695939,1.739131713914347,0.12632763032099276,-0.07104078370374993
