9,0,0,0,1,1,0,2,0,0,0,0,0,111,275,111,1,0,0,0,0,245,269,280,60,0,1,1,0,165,78,163,75,3,3,58,87,77,0,72,1,170,121,133,70,0,0,0,0,127,233,238,2,0,0,0,0,2,155,131,0,0,0,0,0,0,1,1,1,0,0,1,0,0,0,1,1,0,0,0,0,0,0,0,1,3,0,2,2,0,0,0,0,111,275,111,3,0,0,0,0,244,267,277,62,0,5,0,2,165,76,156,77,55,6,57,85,77,0,67,55,170,117,130,72,0,0,0,0,128,227,233,3,0,21,0,0,5,199,134,0,0,0,0,0,0,6,1,1,0,0,0,0,0,0,0,1,0,0,0,0,0,0,0,0,5,2,3,2,0,0,0,0,171,314,190,3,0,0,0,0,242,203,235,108,0,64,3,62,118,14,73,79,96,8,55,85,74,0,0,53,170,114,127,71,0,0,0,0,125,223,228,2,0,18,0,0,6,143,133,0,0,0,0,0,1,8,0,1,0,0,0,0,1,1,0,0,0,0,0,0,0,0,0,0,6,4,4,2,0,0,0,0,171,314,192,4,0,0,0,0,241,201,234,108,0,64,4,62,117,13,70,80,96,10,54,84,74,0,0,52,170,115,127,69,0,0,0,0,124,223,227,0,0,16,0,0,6,143,131,0,0,0,0,0,1,10,0,0,0,0,0,0,1,2,0,0,0,0,0,0,0,0,0,0,10,45,6,1,0,0,0,0,171,312,198,5,0,0,0,6,236,194,231,104,0,64,8,0,114,8,65,80,97,14,52,0,69,0,1,46,172,117,127,0,0,0,0,0,118,226,226,0,0,0,0,0,6,89,120,0,0,0,0,0,0,13,0,0,0,0,0,0,1,2,0,0,0,0,0,0,0,0,0,0,10,45,6,1,0,0,0,0,171,312,198,5,0,0,0,6,236,194,231,104,0,64,8,0,114,8,65,80,97,14,52,0,69,0,1,46,172,117,127,0,0,0,0,0,118,226,226,0,0,0,0,0,6,89,120,0,0,0,0,0,0,13,0,0,0,0,0,0,1,2,0,0,0,0,0,0,0,0,0,0,12,41,6,2,0,0,0,0,170,311,197,6,0,0,0,6,234,191,231,101,0,63,12,0,113,7,65,80,96,15,53,0,67,0,2,42,172,116,128,0,0,0,0,0,115,224,224,0,0,2,0,0,6,135,116,0,0,0,0,0,0,15,1,0,0,0,0,1,0,1,0,0,0,0,0,0,0,0,0,0,13,34,6,2,0,0,0,0,163,309,130,5,0,0,0,5,233,195,235,97,0,62,14,0,115,11,107,78,96,17,52,0,65,0,5,39,174,115,127,0,0,0,0,0,114,223,222,0,0,0,0,0,7,134,114,0,0,0,0,0,1,16,1,0,0,0,0,0,1,1,0,0,0,0,0,0,0,0,0,0,12,29,6,3,0,0,0,0,28,54,55,6,0,0,0,3,123,289,81,26,0,59,9,0,86,288,144,18,92,242,151,0,0,23,20,33,73,241,230,0,0,0,0,0,71,108,126,1,0,0,10,8,9,46,56,0,0,0,0,0,2,14,0,0,0,0,0,0,2,0,0,0,0,0,0,1,0.4015800690069406,-0.20364539090771971,-0.04947861863436715,0.4022135892961125,-0.2036047625458108,-0.04947861863436715
8,4,0,0,1,1,0,1,1,135,123,0,3,1,1,0,0,155,215,68,1,0,0,0,2,104,200,134,0,1,0,0,0,106,187,99,1,0,0,0,0,133,91,0,0,1,0,0,0,5,0,0,1,1,0,0,0,1,0,0,1,0,1,0,0,0,0,0,0,1,0,0,0,0,0,0,0,2,0,0,0,2,0,0,0,1,0,1,0,133,122,0,3,1,2,0,0,156,211,65,1,0,0,0,2,105,158,135,0,1,1,0,0,105,181,143,0,0,1,0,0,134,134,0,0,0,0,0,0,66,56,0,1,1,0,0,0,0,0,0,1,0,2,0,0,0,0,0,0,1,1,0,0,0,0,0,0,1,1,0,0,0,66,0,1,0,0,0,0,135,166,0,2,1,0,0,0,148,137,171,2,0,0,0,0,99,146,140,3,0,0,0,0,100,132,136,0,0,0,0,0,127,137,0,0,0,0,0,0,60,134,0,3,1,0,0,0,0,0,0,1,0,0,0,0,0,0,0,2,1,0,0,0,0,0,0,0,0,3,0,0,2,67,0,1,0,0,0,0,136,169,39,0,0,0,0,0,143,135,170,2,0,0,0,0,96,142,142,5,0,0,0,0,98,130,132,0,0,1,0,0,84,187,0,0,0,0,0,0,16,132,0,3,0,0,0,0,0,0,0,0,0,1,0,0,0,0,0,2,0,1,0,0,0,0,0,0,0,4,0,0,4,67,0,2,0,0,0,0,137,171,38,0,0,0,0,0,138,132,169,3,0,0,0,0,92,139,143,6,0,0,0,0,96,128,128,0,0,1,0,0,82,185,0,0,0,0,0,0,17,126,0,4,0,0,0,0,0,0,0,0,0,1,0,0,0,0,0,2,0,1,0,0,0,0,0,0,0,4,0,0,4,67,0,2,0,0,0,0,137,171,38,0,0,0,0,0,138,132,169,3,0,0,0,0,92,139,143,6,0,0,0,0,96,128,128,0,0,1,0,0,82,185,0,0,0,0,0,0,17,126,0,4,0,0,0,0,0,0,0,0,0,1,0,0,0,0,0,2,0,1,0,0,0,0,0,0,0,4,0,0,3,15,0,1,0,0,0,0,137,129,27,0,0,0,0,0,135,135,118,1,0,0,0,0,89,138,144,5,0,0,0,0,93,127,124,0,0,1,0,0,83,178,0,0,0,0,0,0,18,62,0,5,1,0,0,1,1,0,0,1,1,1,0,0,0,0,0,3,1,1,0,0,0,0,0,0,0,4,0,0,1,13,0,1,0,2,0,0,0,6,23,1,0,0,0,0,65,41,26,2,0,0,0,0,134,100,0,5,0,0,0,0,93,38,22,0,0,0,0,0,26,24,0,0,0,0,0,0,17,16,0,6,1,0,0,1,0,0,0,1,1,0,0,0,0,0,0,0,1,0,0,0,0,0,0,0,1,0,0,0,0.38052141814612767,-0.23402055322381707,-0.0442268988712087,0.38087455610137316,-0.2339901099194781,-0.0442268988712087
8,0,0,0,1,0,1,0,0,0,0,0,0,0,1,0,0,0,0,1,132,259,175,0,0,13,133,70,312,379,372,0,0,188,302,214,292,228,205,0,139,273,282,55,86,147,38,243,240,378,186,0,0,0,0,345,306,71,0,0,0,0,0,274,348,0,0,0,0,0,1,58,75,0,0,1,0,0,0,0,1,0,0,0,0,0,0,0,0,0,0,0,2,0,1,0,0,0,0,0,129,251,134,0,0,9,131,69,355,434,373,0,0,232,304,259,350,275,273,0,137,273,284,122,223,252,116,245,236,375,280,0,0,0,15,345,304,350,0,0,0,0,0,375,346,0,0,0,0,0,0,211,281,0,0,0,0,0,0,2,1,0,0,0,0,0,1,0,0,0,0,0,4,0,2,0,0,0,0,0,171,253,176,0,0,69,198,125,354,429,375,0,0,230,304,306,345,272,271,0,139,274,285,121,223,251,119,247,233,374,277,0,0,0,15,346,302,294,1,0,0,0,0,374,348,0,0,0,0,0,0,207,282,0,0,0,0,0,1,3,2,0,0,0,0,0,0,0,0,0,0,0,2,0,2,0,0,0,0,2,171,257,176,0,0,71,248,126,354,424,375,0,0,228,304,303,341,269,269,0,143,275,287,118,224,250,121,247,229,373,274,0,0,0,13,347,300,232,0,0,0,0,0,374,389,0,0,0,0,0,0,154,279,0,0,0,0,0,0,3,3,0,0,0,0,0,0,0,0,0,0,0,0,1,4,0,0,0,0,5,169,305,179,0,0,122,252,132,354,376,374,0,0,226,305,302,334,264,266,46,185,277,290,111,218,247,119,250,228,374,216,0,0,0,11,351,304,105,0,0,0,0,0,368,393,0,0,0,0,0,0,41,109,0,0,0,0,0,0,1,2,0,0,0,0,0,0,0,0,0,0,0,2,1,4,0,0,0,0,7,168,304,181,0,0,122,255,171,353,374,373,0,0,226,304,301,330,262,264,45,187,318,292,106,213,243,115,292,230,374,167,0,0,0,6,352,359,46,0,0,0,0,0,299,395,0,0,0,0,0,0,41,106,0,0,0,0,0,0,0,2,0,1,0,0,0,0,0,0,0,0,0,3,1,5,0,0,0,0,10,165,254,182,0,0,69,248,111,352,377,376,0,0,223,305,296,327,259,264,0,184,313,295,100,208,237,110,287,230,376,221,0,0,0,0,354,354,163,0,0,0,0,0,302,396,0,0,0,0,0,0,41,104,0,0,0,0,0,0,0,2,0,0,0,0,0,0,0,0,0,0,0,3,1,4,0,0,0,0,10,94,182,101,0,0,0,32,43,279,377,318,0,0,59,170,138,212,144,129,0,0,134,171,28,5,60,0,121,67,257,65,0,0,0,0,252,202,37,0,0,0,0,0,213,329,0,0,0,0,0,0,40,102,0,0,0,0,0,0,0,1,0.3670807281694751,-0.2202333054230485,-0.04990774615570675
8,1,0,0,0,0,0,0,0,5,0,0,42,117,156,3,2,0,0,0,111,299,313,55,1,0,66,49,68,221,195,43,0,80,238,195,0,0,0,0,1,50,299,94,1,0,0,1,0,0,67,0,0,0,0,1,2,0,0,0,0,0,0,1,1,0,0,2,0,0,0,0,2,0,0,1,2,0,0,0,2,0,0,0,0,1,0,0,0,0,0,0,39,206,217,6,1,0,0,0,114,295,310,185,3,0,66,45,125,116,120,153,0,81,57,94,60,38,61,3,1,254,136,148,0,2,0,0,0,253,308,169,0,0,0,0,1,47,70,0,0,0,0,0,2,1,0,0,0,1,0,0,1,1,0,0,1,0,0,0,2,0,0,0,0,1,0,0,0,0,0,0,39,206,217,6,1,0,0,0,114,295,310,185,3,0,66,45,125,116,120,153,0,81,57,94,60,38,61,3,1,254,136,148,0,2,0,0,0,253,308,169,0,0,0,0,1,47,70,0,0,0,0,0,2,1,0,0,0,1,0,0,1,1,0,0,1,0,0,0,2,0,0,0,1,2,0,0,1,0,0,0,32,203,267,83,2,0,0,0,117,239,257,246,8,0,64,45,122,60,70,149,0,79,17,90,101,33,10,56,2,184,75,142,0,4,0,0,0,252,306,173,0,0,0,0,0,46,97,4,0,0,0,0,1,1,1,0,0,1,0,0,1,1,0,0,0,0,0,0,3,0,0,0,0,5,1,0,1,0,0,0,28,244,271,135,4,0,0,0,158,233,200,242,10,2,62,48,120,60,63,143,0,123,21,92,43,32,57,9,2,234,233,191,0,0,0,0,0,91,249,114,0,0,0,0,0,40,21,2,0,0,0,2,0,0,0,0,0,0,0,0,1,1,0,0,0,0,0,0,3,0,0,0,0,7,3,0,1,0,0,0,26,244,273,133,5,0,0,0,157,230,198,240,12,2,62,50,118,60,60,141,0,123,24,93,40,32,54,5,3,234,235,192,0,0,0,0,0,86,245,113,0,0,0,0,0,36,19,1,0,0,0,1,0,0,0,0,0,1,0,0,1,1,0,0,0,0,0,0,2,0,0,0,0,9,5,0,0,0,0,0,24,243,275,129,2,0,0,0,157,227,200,238,5,2,62,52,117,59,60,139,0,123,26,93,39,30,54,1,0,236,234,193,0,0,0,0,0,85,246,114,0,0,0,0,0,33,18,1,0,0,0,0,0,0,0,0,0,0,0,0,0,0,0,0,0,0,0,0,0,0,0,0,0,9,5,0,0,0,0,0,24,243,275,129,2,0,0,0,157,227,200,238,5,2,62,52,117,59,60,139,0,123,26,93,39,30,54,1,0,236,234,193,0,0,0,0,0,85,246,114,0,0,0,0,0,33,18,1,0,0,0,0,0,0,0,0,0,0,0,0,0,0,0,0,0,0,0,0,0,0.3718943197987468,-0.2201086651665951,-0.04856222738489053
8,1,0,0,0,0,0,0,0,1,0,1,0,1,0,0,0,1,0,0,66,120,2,1,0,0,3,0,154,174,150,2,0,1,0,116,136,93,183,0,0,0,1,118,147,126,103,0,0,1,0,1,154,150,0,0,0,2,0,0,0,0,1,1,0,1,2,1,0,1,0,1,1,0,0,0,0,0,0,0,0,1,0,0,0,0,0,0,0,1,0,0,0,1,0,0,0,0,0,0,66,120,3,1,0,0,3,0,153,173,149,2,0,0,0,116,135,93,182,0,0,0,0,119,145,125,103,0,0,1,0,49,154,150,0,0,0,2,0,0,1,0,1,1,0,1,3,0,0,0,0,0,0,0,0,0,0,0,0,0,0,1,1,0,0,0,0,0,0,1,0,0,0,1,0,0,0,0,0,0,67,124,54,0,0,0,3,0,149,164,150,5,0,0,0,116,131,88,179,1,0,0,0,120,138,119,104,1,0,1,1,46,156,151,0,0,0,2,1,0,1,0,0,0,0,1,6,0,0,0,0,0,0,0,1,0,0,0,0,0,1,0,1,0,0,0,0,0,0,1,0,0,0,1,2,0,0,0,0,0,69,128,52,0,0,0,4,2,146,119,152,8,0,0,0,116,128,85,178,2,0,0,0,121,135,116,103,2,0,0,2,42,155,151,0,0,0,2,2,0,0,0,0,1,0,1,8,0,0,0,0,1,0,0,2,0,0,0,0,1,1,1,1,0,0,0,0,0,0,0,0,0,0,0,3,0,0,0,0,0,74,135,50,0,0,0,5,6,141,117,155,10,0,0,0,116,123,79,176,4,0,0,0,120,130,112,102,2,0,0,2,36,154,150,0,0,0,0,3,0,0,0,0,1,0,0,9,0,0,0,0,0,0,0,3,0,0,0,0,1,1,2,1,0,0,0,0,0,0,0,0,0,0,0,2,1,0,0,0,0,75,137,47,0,0,0,5,6,138,117,155,11,0,0,0,116,121,76,173,5,0,0,0,120,127,109,102,2,0,0,2,34,153,150,0,0,0,0,3,0,0,0,0,1,0,0,2,0,0,0,0,0,0,0,1,0,0,0,0,0,0,2,1,0,0,0,0,0,0,0,0,0,0,0,1,0,0,0,0,0,75,137,46,0,0,0,5,7,136,118,154,12,0,0,0,116,119,74,172,7,0,0,0,120,124,108,103,3,0,0,1,32,153,151,0,0,0,0,3,0,0,0,0,1,0,0,2,0,0,0,0,1,0,0,1,0,0,0,0,0,0,0,0,0,0,0,0,0,0,0,0,0,0,0,0,0,0,0,0,0,17,21,36,0,0,0,3,3,2,46,45,11,0,0,0,17,33,37,16,4,0,0,0,15,20,53,44,2,0,0,1,27,18,34,0,0,0,0,3,0,0,0,0,0,0,0,2,0,0,0,0,0,0,0,2,0,0,0,0,0,0,0.3720977053031893,-0.2953413777972384,-0.06538685642574724,0.4472706864289593,-0.13957128158044188,-0.058149499883383776
10,0,0,45,170,163,0,0,0,0,1,220,433,413,73,0,0,218,275,297,336,295,76,170,130,198,294,110,246,199,151,232,191,295,204,0,0,0,173,290,317,307,1,0,0,0,78,347,336,2,0,0,0,0,2,167,177,0,0,0,0,1,3,2,1,1,1,2,0,0,2,0,0,1,0,0,0,0,0,0,0,0,0,43,67,25,0,0,0,0,1,117,389,308,17,0,0,150,168,293,426,353,23,93,23,245,294,161,307,242,146,229,187,293,253,0,160,0,212,287,241,374,113,0,0,0,175,344,275,225,0,0,0,0,85,353,330,0,0,0,0,0,7,301,302,0,0,0,0,0,5,54,54,1,0,0,0,0,0,0,0,0,0,40,159,120,0,0,0,0,1,243,446,392,71,0,0,216,301,292,335,349,79,152,151,241,297,163,304,244,146,228,184,289,251,0,159,0,210,285,243,373,61,0,0,0,173,343,326,51,0,0,0,0,30,350,371,0,0,0,0,0,8,120,138,0,0,0,0,0,6,51,48,0,0,0,0,0,0,0,0,0,0,42,163,173,0,0,0,0,5,246,445,393,75,0,0,217,300,331,332,295,80,153,152,239,298,166,299,244,147,230,186,289,195,0,99,0,170,289,300,289,15,0,0,0,129,383,328,6,0,0,0,0,29,247,318,0,0,0,0,0,8,67,62,0,0,0,0,0,5,46,0,0,0,0,0,0,0,0,0,0,0,44,167,174,0,0,0,0,53,248,441,392,80,0,0,217,299,327,273,292,78,153,109,234,254,112,209,167,102,229,184,289,103,0,0,0,169,290,300,86,0,0,0,0,85,383,368,6,0,0,0,0,27,159,154,0,0,0,0,0,8,62,14,0,0,0,0,0,5,41,0,0,0,0,0,0,0,0,0,0,0,40,119,113,0,0,0,0,0,191,362,327,75,0,0,95,197,202,182,185,0,0,0,147,167,0,36,19,17,78,75,143,0,0,0,0,73,213,212,0,0,0,0,0,39,319,308,1,0,0,0,0,18,75,72,0,0,0,0,0,7,13,8,0,0,0,0,0,6,25,0,0,0,0,0,0,1,0,0,0,0,37,114,66,0,0,0,0,0,146,361,323,70,0,0,91,131,154,263,232,0,0,0,209,164,0,0,0,15,134,75,141,0,0,0,0,72,215,268,0,0,0,0,0,36,235,304,1,0,0,0,0,16,32,29,0,0,0,0,0,6,10,6,0,0,0,0,0,6,20,0,1,0,0,0,0,1,0,0,0,0,30,21,11,0,0,0,0,0,2,10,2,4,0,0,0,18,35,17,19,0,33,14,10,10,0,0,46,12,34,2,20,0,0,0,0,13,12,19,0,1,1,0,0,28,38,10,1,0,0,0,0,13,26,22,0,0,0,0,0,4,6,2,0,0,0,0,0,4,14,0,1,0,0,0,0,0,0,0,7,3,28,19,10,0,0,0,76,2,1,9,1,4,0,0,0,0,33,16,17,0,30,13,0,0,0,0,2,11,31,1,0,0,0,0,0,12,11,17,5,44,1,0,0,26,35,9,0,1,0,0,0,12,24,20,0,0,0,0,0,5,5,1,0,0,0,0,0,5,13,0,0,1,0,0,0,1,0,0,8,3,24,15,8,0,0,0,77,1,1,8,0,2,0,0,0,0,29,14,15,0,26,11,0,0,0,0,2,9,27,1,0,1,0,0,0,10,9,15,6,43,1,0,0,22,30,7,0,2,0,0,0,10,20,16,1,1,0,0,0,4,3,1,1,1,0,0,0,4,11,0,0,1,2,1,2,1,1,1,0.35354792062821055,-0.22429982904116982,-0.04731411642042435,0.34346083247756626,-0.22515426828834698,-0.04716552527278875,0.5353209788126322,0.04962805915946108,-0.07952188828209387
5,0,1,0,0,0,0,1,1,1,1,1,3,0,0,1,1,0,0,1,194,120,0,1,1,0,1,124,130,149,76,0,0,0,3,159,90,95,93,0,0,0,0,148,121,132,4,0,0,1,0,2,155,54,0,0,1,0,1,0,0,0,0,2,1,0,0,0,0,0,1,0,0,0,1,0,0,0,1,1,1,0,0,0,0,0,0,0,1,0,0,0,5,0,0,0,1,0,0,5,190,122,0,1,0,0,4,120,123,143,80,0,0,0,48,153,81,86,139,0,0,0,4,144,77,125,80,0,0,1,0,66,155,110,0,0,1,0,1,0,3,0,1,2,0,0,1,0,0,0,0,0,0,1,2,0,0,0,0,1,1,0,1,0,0,0,0,0,0,0,1,0,9,0,0,0,0,0,0,54,190,124,0,1,0,0,8,121,118,138,83,0,0,0,49,150,77,81,139,0,0,0,5,141,79,122,77,0,0,0,0,62,154,107,0,0,0,0,2,0,3,0,1,2,0,0,2,0,0,0,0,0,0,1,3,0,0,0,0,1,0,0,1,0,0,0,0,0,0,0,1,0,9,0,0,0,0,0,0,54,190,124,0,1,0,0,8,121,118,138,83,0,0,0,49,150,77,81,139,0,0,0,5,141,79,122,77,0,0,0,0,62,154,107,0,0,0,0,2,0,3,0,1,2,0,0,2,0,0,0,0,0,0,1,3,0,0,0,0,1,0,0,0,0,0,0,0,1,0,0,0,0,43,0,0,1,0,0,0,49,190,58,0,2,0,0,12,125,159,136,26,0,0,0,2,146,117,123,72,0,0,0,5,59,138,123,25,0,0,0,0,50,67,53,0,1,0,1,0,0,1,0,0,4,0,0,0,0,0,0,0,1,0,2,0,0,0,0,0,0,0,0.3910492743928541,-0.281056177674953,-0.044735405559651456,0.48984278644214263,-0.19823362516669313,-0.06299714232352129
11,0,0,0,1,0,2,1,0,0,0,0,0,73,275,140,2,0,0,0,0,213,280,270,71,0,2,53,42,143,104,180,66,81,80,66,73,1,84,39,0,148,232,231,108,0,0,0,0,85,290,252,68,0,0,0,0,2,49,58,0,0,0,0,0,1,1,0,1,0,0,0,0,1,0,0,0,0,0,1,0,0,0,0,0,0,2,2,0,0,0,0,0,69,230,191,6,0,0,0,0,215,272,309,124,0,2,48,39,146,96,84,126,67,33,18,72,67,13,36,66,146,116,72,100,0,20,0,0,144,288,254,119,0,0,0,0,4,139,164,2,0,0,0,0,0,4,0,0,0,0,0,0,1,0,0,0,0,0,0,0,0,0,0,0,0,2,3,1,0,0,0,0,70,273,194,54,0,0,0,0,215,229,303,127,0,44,45,42,143,53,83,124,70,33,15,70,64,13,31,62,146,114,70,98,0,19,0,0,142,288,254,116,0,0,0,0,5,94,110,2,0,0,0,0,1,2,1,0,0,0,0,0,2,1,0,0,0,0,0,0,0,0,0,0,0,2,3,1,0,0,0,0,70,273,194,54,0,0,0,0,215,229,303,127,0,44,45,42,143,53,83,124,70,33,15,70,64,13,31,62,146,114,70,98,0,19,0,0,142,288,254,116,0,0,0,0,5,94,110,2,0,0,0,0,1,2,1,0,0,0,0,0,2,1,0,0,0,0,0,0,0,0,0,0,4,4,4,2,0,0,0,0,115,275,233,50,0,0,0,2,218,221,250,129,0,43,37,44,136,47,79,117,75,31,12,0,57,19,28,12,152,120,123,0,0,13,0,0,98,287,260,0,0,0,0,0,6,48,65,0,0,0,0,0,0,1,0,0,0,0,0,1,3,0,0,0,0,0,0,0,0,0,0,0,5,4,4,2,0,0,0,0,115,275,231,48,0,0,0,3,219,219,250,131,0,44,35,43,133,46,78,114,77,32,11,0,53,20,27,12,155,122,119,0,0,11,0,0,101,288,261,0,0,0,0,0,7,52,68,0,0,0,0,0,1,2,0,0,0,0,0,1,3,1,0,0,0,0,0,0,0,0,0,0,6,4,5,2,0,0,0,0,114,275,228,46,0,0,0,2,220,220,252,132,0,42,33,41,132,47,79,113,78,31,10,0,52,20,27,12,158,123,115,0,0,10,0,0,106,288,262,0,0,0,0,0,8,57,121,0,0,0,0,0,1,3,0,0,0,0,0,1,4,0,0,0,0,0,0,0,0,0,0,0,6,3,5,2,0,0,0,0,67,231,163,40,0,0,0,0,221,263,296,90,0,33,30,0,134,99,132,108,77,77,12,1,46,20,29,11,159,205,171,0,0,0,0,0,109,288,266,0,0,0,0,0,9,61,69,0,0,0,0,0,1,3,0,0,1,0,0,0,1,1,0,0,0,0,0,0,0,0,0,0,6,3,5,2,0,0,0,0,67,231,163,40,0,0,0,0,221,263,296,90,0,33,30,0,134,99,132,108,77,77,12,1,46,20,29,11,159,205,171,0,0,0,0,0,109,288,266,0,0,0,0,0,9,61,69,0,0,0,0,0,1,3,0,0,1,0,0,0,1,1,0,0,0,0,0,0,0,0,0,0,4,0,3,2,0,0,0,37,0,15,0,32,0,0,0,71,37,4,4,40,0,23,0,0,42,24,26,29,12,32,37,0,0,28,26,9,16,40,46,0,9,5,0,0,17,22,33,0,6,0,0,0,7,14,9,0,0,0,0,0,0,1,0,1,0,0,0,0,0,0,0,1,0,0,0,0,0,0,0,0,2,1,2,2,0,1,0,40,0,13,0,28,0,1,1,69,31,2,4,1,0,19,0,0,1,20,22,25,10,28,31,0,0,24,22,7,14,34,2,0,7,3,0,0,14,18,28,0,5,0,0,0,6,12,7,0,0,0,0,0,1,1,1,1,1,0,1,0,0,1,0,1,0,0,0,0,0.3656988286191422,-0.221575911051366,-0.056758588854848656,0.5789896924308968,0.022848894907726826,-0.07354518119390879,0.7228767380154748,0.12943063897265114,-0.06180480477304287
10,0,0,0,0,1,2,2,3,4,0,0,0,1,221,289,92,0,0,0,0,44,303,284,183,0,0,64,91,64,156,88,107,15,153,66,110,3,17,33,0,61,262,217,193,0,0,0,0,1,135,235,141,0,0,0,0,1,1,3,0,2,1,0,0,1,1,0,0,1,0,0,1,0,0,0,0,0,1,0,0,0,0,0,0,0,3,44,5,2,0,0,0,1,223,291,154,0,0,0,0,45,261,239,236,0,0,19,85,110,112,84,108,13,95,0,46,51,63,31,56,62,219,145,188,0,0,0,0,41,243,289,229,0,0,0,0,3,4,114,47,2,0,0,0,1,2,0,0,2,0,0,1,1,0,0,0,0,0,0,0,0,0,0,0,0,47,92,10,0,0,0,0,0,263,297,208,0,0,0,0,93,198,183,232,0,2,20,76,109,103,37,104,18,97,4,46,45,57,24,48,63,220,149,185,0,0,0,0,37,237,292,227,0,0,0,0,4,6,64,45,1,0,0,0,0,3,2,1,2,0,0,0,1,0,0,0,0,0,0,0,0,0,0,0,0,46,92,12,0,0,0,0,0,265,299,208,0,0,0,0,93,195,179,228,52,52,20,72,109,98,34,102,62,100,6,47,42,53,22,5,3,273,198,188,0,0,0,0,0,191,292,221,0,0,0,0,3,6,62,43,0,0,0,0,0,3,2,1,2,0,0,0,2,0,1,0,0,0,0,0,0,0,0,0,0,45,93,17,0,0,0,0,2,318,303,210,0,0,0,0,92,191,174,222,46,52,18,67,110,93,34,99,58,106,10,52,36,48,23,0,7,273,202,227,0,0,0,0,0,185,289,174,0,0,0,0,3,5,55,36,0,0,0,0,1,0,0,1,1,0,0,0,2,0,2,0,0,0,0,0,0,0,0,0,0,45,93,17,0,0,0,0,2,318,303,210,0,0,0,0,92,191,174,222,46,52,18,67,110,93,34,99,58,106,10,52,36,48,23,0,7,273,202,227,0,0,0,0,0,185,289,174,0,0,0,0,3,5,55,36,0,0,0,0,1,0,0,1,1,0,0,0,2,0,2,0,0,0,0,0,0,0,0,0,0,44,92,20,0,0,0,0,2,311,306,207,0,0,0,0,90,190,173,219,41,49,18,62,108,90,32,99,55,108,12,54,33,43,24,0,9,272,204,224,0,0,0,0,0,186,289,174,0,0,0,0,3,6,53,32,1,0,0,0,2,0,0,2,1,0,0,0,2,0,2,0,0,0,0,0,0,0,0,0,0,44,90,22,0,0,0,0,2,306,308,203,0,0,0,0,86,229,176,220,36,45,18,60,106,91,32,100,52,109,12,55,31,41,24,0,9,271,204,222,0,0,0,0,0,186,287,175,0,0,0,0,3,6,52,30,1,0,0,0,2,0,0,2,1,0,0,0,2,0,1,0,0,0,0,0,0,0,0,0,0,0,36,22,2,1,0,0,1,54,58,70,42,0,0,4,9,88,187,48,0,37,106,55,17,46,88,0,0,83,303,77,24,0,0,0,0,58,177,46,0,0,0,0,0,49,45,39,0,6,9,0,0,3,0,24,2,0,0,0,0,0,0,0,0,0,0,0,0,0,0,1,1,0,0,0,0,0,0,0,0,0,36,22,2,1,0,0,1,54,58,70,42,0,0,4,9,88,187,48,0,37,106,55,17,46,88,0,0,83,303,77,24,0,0,0,0,58,177,46,0,0,0,0,0,49,45,39,0,6,9,0,0,3,0,24,2,0,0,0,0,0,0,0,0,0,0,0,0,0,0,1,1,0,0,0,0.3789380038576985,-0.21063210167404858,-0.03883545783540477,0.5491060670957285,0.21108088002281492,-0.05707291908051366,0.44130155381634734,0.09896053995773955,-0.06082811698826989
9,0,0,0,3,1,0,0,0,0,0,0,1,3,81,2,1,0,0,0,0,193,320,202,2,0,0,0,3,243,217,239,50,0,56,85,69,92,53,106,4,138,77,106,51,53,4,3,0,243,245,254,57,0,0,0,0,91,293,177,0,0,0,0,0,0,56,0,0,0,0,0,0,0,1,0,0,0,0,0,0,0,0,0,3,1,0,0,0,0,0,0,1,3,81,2,1,0,0,0,0,193,320,202,2,0,0,0,3,243,217,239,50,0,56,85,69,92,53,106,4,138,77,106,51,53,4,3,0,243,245,254,57,0,0,0,0,91,293,177,0,0,0,0,0,0,56,0,0,0,0,0,0,0,1,0,0,0,0,0,0,0,0,0,5,0,0,0,0,0,0,0,0,9,175,56,3,0,0,0,0,196,313,304,102,0,8,17,64,158,101,142,94,29,10,38,110,46,42,48,84,134,33,61,58,49,0,39,0,240,170,182,54,0,0,0,0,103,287,199,0,0,0,0,0,1,52,1,0,0,0,0,0,2,1,0,0,0,0,0,0,0,0,0,0,1,0,0,0,0,0,0,0,14,175,101,3,0,0,0,0,236,308,302,101,0,7,16,59,157,99,140,95,28,10,38,1,47,37,45,84,133,32,60,5,46,1,35,0,239,218,185,0,0,0,0,0,99,283,195,0,0,0,0,0,0,48,0,0,0,0,0,0,0,0,0,0,0,0,0,0,0,0,0,0,1,0,0,0,0,0,0,0,59,175,101,3,0,0,0,0,235,303,300,99,0,6,16,58,155,96,137,94,26,10,39,0,45,32,42,81,133,32,61,5,43,2,31,0,240,218,228,0,0,0,0,0,95,234,153,0,0,0,0,0,0,44,0,0,0,0,0,0,1,0,0,0,0,0,0,0,0,0,0,0,1,0,0,0,0,0,0,0,59,175,101,3,0,0,0,0,235,303,300,99,0,6,16,58,155,96,137,94,26,10,39,0,45,32,42,81,133,32,61,5,43,2,31,0,240,218,228,0,0,0,0,0,95,234,153,0,0,0,0,0,0,44,0,0,0,0,0,0,1,0,0,0,0,0,0,0,0,0,0,0,2,0,0,1,0,0,0,0,53,170,49,5,0,0,0,0,236,298,297,93,0,2,11,53,202,99,193,92,22,14,42,0,47,26,42,76,134,35,61,5,39,2,26,0,243,218,225,0,0,0,0,0,94,286,204,0,0,0,0,0,0,39,0,0,0,0,0,0,1,1,0,0,0,0,0,0,0,0,0,0,2,0,0,1,0,0,0,0,53,170,49,5,0,0,0,0,236,298,297,93,0,2,11,53,202,99,193,92,22,14,42,0,47,26,42,76,134,35,61,5,39,2,26,0,243,218,225,0,0,0,0,0,94,286,204,0,0,0,0,0,0,39,0,0,0,0,0,0,1,1,0,0,0,0,0,0,0,0,0,1,1,0,0,0,0,1,0,0,1,3,0,6,0,0,0,0,18,13,12,32,0,26,0,9,51,35,46,5,17,16,41,0,1,25,0,14,19,34,15,3,34,5,22,0,17,18,19,0,12,0,4,0,8,7,7,0,1,1,8,4,0,34,0,0,0,0,0,0,0,1,0,0,0,0,0,0,0.3758253338327841,-0.1983814504158384,-0.045341927219079196,0.4725510311337848,0.011175356381519874,-0.058192160876797454,0.5480968988928104,0.35538055676288793,-0.059442637033586175
9,0,0,0,0,0,1,2,1,0,0,70,73,0,2,0,0,0,2,200,191,0,0,1,1,0,168,93,115,111,1,0,1,2,161,94,98,79,0,0,0,1,102,142,123,0,0,0,0,0,0,98,66,0,2,0,1,1,0,0,0,0,1,2,0,0,0,0,0,0,0,0,0,0,0,0,0,1,1,1,0,0,0,0,0,0,0,3,1,0,0,68,73,1,1,1,0,0,5,196,188,3,0,1,1,0,167,91,111,113,1,0,0,4,159,92,96,81,0,0,0,0,100,140,121,3,0,0,0,0,0,100,111,0,1,1,1,1,0,2,1,0,1,3,0,0,0,0,0,0,0,1,0,0,0,0,0,0,0,2,0,0,0,0,0,0,0,0,0,1,0,137,152,0,0,0,0,0,111,142,129,69,0,0,0,1,170,86,66,118,2,1,0,5,156,91,93,79,0,0,0,0,28,141,123,2,0,0,0,0,0,41,55,0,2,1,0,2,0,0,0,0,1,1,0,0,0,0,0,0,0,0,0,0,0,0,0,0,0,0,0,1,0,0,0,0,0,0,0,1,0,140,152,0,0,0,0,0,156,138,126,73,0,0,0,2,172,82,65,121,3,2,0,3,151,94,94,75,1,0,0,0,22,138,121,0,0,0,0,1,0,37,48,0,3,2,0,3,0,0,0,0,2,2,0,0,0,0,0,0,0,0,0,1,0,0,0,0,0,1,0,2,0,1,0,0,0,1,0,1,0,142,153,0,0,0,0,0,155,135,124,77,0,1,0,3,174,79,65,124,5,3,0,2,146,96,96,70,2,0,0,0,17,135,119,0,0,0,0,2,0,33,42,0,4,3,0,4,0,0,0,0,3,3,0,1,0,0,0,0,1,1,0,1,0,0,0,0,0,2,0,1,0,1,1,0,0,1,0,1,0,143,153,0,0,0,0,0,154,133,123,80,0,0,0,3,174,77,65,126,5,3,0,1,142,98,98,67,2,0,0,0,12,133,118,0,0,0,0,2,0,30,38,0,4,3,0,1,0,0,0,0,0,0,0,0,0,0,0,0,0,1,0,0,0,0,0,0,0,1,0,1,0,0,1,0,0,0,0,0,0,143,153,0,0,0,0,0,149,130,123,82,0,0,0,4,175,73,66,129,6,0,0,2,138,98,98,65,1,0,0,0,7,130,119,0,0,0,0,3,0,26,33,0,5,0,0,2,0,0,0,0,1,0,0,0,0,0,0,0,0,0,0,1,0,0,0,0,0,0,0,2,0,0,0,0,1,0,0,1,0,140,150,0,0,0,0,0,143,132,127,80,0,0,0,4,177,73,68,129,6,0,0,3,137,98,99,64,1,0,0,0,4,129,120,0,0,0,0,4,0,24,30,0,6,0,0,3,0,0,0,0,2,0,0,1,0,0,0,0,1,0,0,2,0,0,0,0,1,0,0,2,0,0,0,0,2,0,0,1,0,81,65,0,0,0,0,0,55,216,171,8,0,0,0,2,174,115,158,88,4,0,0,2,37,159,185,61,1,0,0,0,3,82,117,0,0,0,0,4,0,19,26,0,7,0,0,3,0,0,0,0,1,0,0,1,0,0,0,0,2,0,0,0,0,0,0,0,0,0,0,0.39867326914321777,-0.2547832818334834,-0.039700799258125564,0.4463796135544905,0.0902938169961681,-0.07752768019529263
8,0,0,0,0,0,74,96,1,0,0,0,0,73,328,319,128,0,0,0,0,126,232,216,198,0,52,45,93,116,90,92,80,3,154,72,143,1,65,0,0,66,298,245,218,0,0,0,0,3,139,222,103,0,0,0,0,0,1,0,1,0,0,0,0,0,1,0,0,0,0,0,0,1,0,0,1,0,0,0,0,0,0,0,0,0,75,98,3,0,0,0,0,71,326,316,174,0,0,0,0,126,229,171,199,0,50,44,91,116,88,34,128,3,114,23,99,5,65,2,0,66,293,244,216,0,0,0,0,3,140,261,105,0,0,0,0,0,1,50,1,0,0,0,0,0,1,0,0,0,0,0,0,0,0,0,0,0,0,0,0,0,0,0,0,0,135,224,52,0,0,0,0,114,319,310,224,0,0,5,50,126,117,80,194,0,95,4,83,113,28,31,83,55,115,23,94,3,61,4,0,65,287,242,213,0,0,0,0,3,136,212,103,0,0,0,0,1,1,43,1,0,0,0,0,0,2,0,0,0,0,0,0,0,0,0,0,0,0,0,0,0,0,0,0,0,136,223,52,0,0,0,0,116,314,308,224,0,0,9,48,127,114,80,190,0,94,4,80,111,29,29,80,56,116,24,91,0,58,5,0,66,283,242,211,0,0,0,0,4,132,213,101,0,0,0,0,2,1,39,1,0,0,0,0,0,2,0,0,0,0,0,0,1,0,0,0,0,0,0,0,0,0,0,0,0,130,217,50,0,0,0,0,115,309,304,222,0,0,12,41,128,111,125,189,0,92,4,74,110,27,27,81,60,114,23,84,2,51,4,0,71,279,238,209,0,0,0,0,5,133,258,104,0,0,0,0,3,1,35,1,0,0,0,0,1,2,0,1,0,0,0,0,2,0,0,0,0,0,0,0,0,0,0,0,0,130,217,50,0,0,0,0,115,309,304,222,0,0,12,41,128,111,125,189,0,92,4,74,110,27,27,81,60,114,23,84,2,51,4,0,71,279,238,209,0,0,0,0,5,133,258,104,0,0,0,0,3,1,35,1,0,0,0,0,1,2,0,1,0,0,0,0,2,0,0,0,0,0,0,0,0,0,0,0,0,82,62,45,0,0,0,0,45,307,302,96,0,0,0,0,127,240,237,190,0,88,83,72,110,88,85,83,0,163,141,169,0,47,6,0,25,193,308,209,0,0,0,0,6,55,144,106,0,0,0,0,3,2,34,2,0,0,0,0,1,3,0,0,1,0,0,0,2,0,0,0,0,0,0,0,0,0,0,0,0,11,58,3,2,4,0,0,42,105,108,28,56,0,0,0,0,239,239,35,0,27,31,14,16,88,176,16,0,5,64,14,0,45,4,0,0,16,59,25,13,6,0,0,1,10,40,26,0,0,0,0,0,1,32,1,0,0,0,0,0,2,0,0,0,0,0,0,0,0,0,0,0,0,0,0,0.38161412166844844,-0.2231796788515629,-0.06537973813713399,0.6652283849048065,0.18737320138927832,-0.08091976969173208
12,0,1,98,233,81,0,0,0,0,47,368,459,331,0,0,0,0,85,397,385,335,68,193,2,151,112,295,267,264,181,288,174,266,49,159,208,1,172,274,268,312,1,0,0,0,109,367,334,53,0,0,0,0,0,273,395,1,0,0,0,0,1,72,117,0,1,0,0,0,1,0,0,0,0,0,1,0,1,0,0,0,1,95,231,81,0,0,0,0,45,366,459,332,0,0,0,0,84,396,385,338,69,190,4,148,114,294,265,266,182,284,172,266,89,240,211,97,174,269,263,375,48,0,0,0,112,363,331,197,0,0,0,0,3,314,395,2,0,0,0,0,2,126,210,0,1,0,0,2,0,0,2,1,0,0,0,0,0,0,1,0,1,150,288,137,0,0,0,0,47,407,453,376,55,0,0,0,124,390,323,337,125,194,98,198,178,284,208,266,188,241,173,263,94,235,211,98,174,260,222,374,46,0,0,0,113,357,325,197,0,0,0,0,5,313,395,3,0,0,0,0,2,123,207,0,1,0,0,0,0,0,2,0,1,0,0,0,0,0,0,0,1,148,287,140,0,0,0,0,47,406,451,380,53,0,0,0,124,385,325,336,130,198,98,201,220,279,209,266,193,239,174,262,97,232,210,98,174,255,223,373,46,0,0,0,114,355,323,192,0,0,0,0,6,312,394,4,0,0,0,0,3,118,201,0,1,0,0,0,0,0,2,0,1,0,0,0,0,0,0,0,1,147,287,142,0,0,0,0,47,405,449,382,54,0,0,0,124,383,328,334,134,201,97,203,220,277,211,265,196,239,175,261,137,230,212,97,175,252,224,373,45,0,0,0,115,354,322,191,0,0,0,0,7,312,393,5,0,0,0,0,4,116,197,1,1,0,0,0,1,0,2,1,1,0,0,0,0,0,0,0,1,145,285,140,0,0,0,0,46,402,447,383,52,0,0,0,123,379,369,335,135,202,47,203,220,274,211,264,198,238,175,259,140,229,210,97,177,249,224,371,48,0,0,0,116,351,318,248,0,0,0,0,7,311,391,5,0,0,0,0,4,116,199,0,1,0,0,0,0,0,2,1,1,0,0,0,0,0,0,0,0,103,242,136,0,0,0,0,45,398,447,381,48,0,0,0,123,378,367,336,133,198,2,204,219,270,212,264,200,236,173,256,144,229,209,97,179,245,222,370,92,0,0,0,115,347,314,249,0,0,0,0,8,307,387,6,0,0,0,0,4,120,253,0,1,0,0,0,0,2,3,0,0,0,0,0,0,0,0,0,1,97,234,88,0,0,0,0,38,352,446,330,40,0,0,0,69,380,368,380,76,145,0,245,135,272,274,263,150,240,174,258,82,139,167,31,174,243,266,368,45,0,0,0,113,345,356,92,0,0,0,0,9,305,444,6,0,0,0,0,3,121,207,0,1,0,0,0,0,4,7,0,1,0,0,0,0,0,0,0,2,38,39,7,0,0,0,9,33,73,220,96,35,0,0,0,20,74,327,131,10,0,0,23,26,8,16,31,34,242,127,14,0,0,0,0,74,247,248,18,0,0,0,0,48,274,260,17,0,9,0,0,8,63,150,6,0,0,0,0,4,33,24,0,0,0,0,0,1,2,5,0,0,0,0,0,0,0,0,0,3,32,33,5,0,0,0,7,29,5,9,0,29,0,0,0,16,16,25,19,8,0,5,19,23,6,14,29,30,38,14,12,0,0,0,10,1,23,6,16,0,0,0,3,7,19,37,15,0,7,0,0,6,11,22,5,0,0,0,0,2,28,20,1,1,0,0,0,2,0,3,1,0,0,0,0,1,0,0,0,2,30,30,5,0,0,0,6,27,5,8,0,27,0,0,0,15,15,23,17,7,0,4,17,21,6,12,27,28,35,13,11,0,1,1,9,0,21,5,15,0,0,1,3,6,17,34,14,0,7,0,0,5,10,20,4,0,0,0,0,2,26,18,0,0,0,0,0,1,0,2,0,0,1,0,1,1,0,0,0,2,26,26,3,0,0,0,4,23,4,7,0,23,0,0,0,12,12,19,14,5,0,3,14,17,4,10,23,24,30,11,9,0,0,0,7,0,17,3,13,0,0,0,1,4,15,30,12,0,5,0,0,3,8,17,3,0,0,0,0,1,22,15,0,0,0,0,0,1,0,1,0,0,1,0,1,1,0,0,0.3034441790400427,-0.21251803949128534,-0.05697656976580385,0.17203132522473963,0.054816350267864765,-0.062262984948031945,-0.17040387926218237,0.2691776367187174,-0.04565132856732271,0.07517374418245105,-0.23792829801418494,-0.047124095821778664
10,0,0,0,1,0,0,0,0,0,137,96,0,0,1,0,0,75,165,167,42,0,0,0,0,124,92,114,110,0,0,0,0,116,71,140,71,0,1,0,0,67,148,91,0,1,1,0,0,0,1,0,1,0,0,0,0,0,0,0,0,1,0,0,0,0,0,0,1,0,0,0,0,0,0,0,0,0,1,0,0,0,0,0,1,0,0,0,0,0,137,96,0,0,1,0,0,75,165,167,42,0,0,0,0,124,92,114,110,0,0,0,0,116,71,140,71,0,1,0,0,67,148,91,0,1,1,0,0,0,1,0,1,0,0,0,0,0,0,0,0,1,0,0,0,0,0,0,1,0,0,0,0,0,0,0,0,0,1,0,0,0,0,0,0,0,0,0,0,0,74,33,0,0,1,0,0,23,168,167,0,0,0,0,0,124,91,114,65,0,0,0,0,116,69,138,71,0,0,0,0,110,106,92,0,0,0,0,0,0,131,62,2,0,1,0,0,0,0,0,0,1,0,0,0,0,0,0,1,0,0,0,0,0,0,0,0,0,1,0,0,0,0,0,0,1,0,0,0,0,178,95,0,0,0,0,0,123,114,66,90,0,0,0,0,131,81,34,127,2,0,0,0,118,61,45,116,0,0,0,0,17,101,90,1,1,0,0,0,0,123,176,2,1,0,0,0,0,36,52,0,3,0,0,0,0,0,0,2,1,1,0,0,0,0,0,0,2,2,0,0,0,1,0,1,1,0,0,0,0,178,97,0,0,0,0,0,127,109,64,91,0,0,0,0,134,77,32,127,2,0,0,0,117,59,43,114,0,0,0,0,12,101,92,1,1,0,0,0,0,119,175,1,1,0,0,0,0,33,48,0,3,0,0,0,0,0,0,2,1,1,0,0,0,0,0,0,1,2,0,0,0,1,0,1,1,0,0,0,0,178,97,0,0,0,0,0,127,109,64,91,0,0,0,0,134,77,32,127,2,0,0,0,117,59,43,114,0,0,0,0,12,101,92,1,1,0,0,0,0,119,175,1,1,0,0,0,0,33,48,0,3,0,0,0,0,0,0,2,1,1,0,0,0,0,0,0,1,2,0,0,0,5,3,4,3,0,0,0,0,179,106,0,0,0,0,0,132,100,69,89,0,0,0,0,136,69,36,128,4,0,0,0,111,56,48,109,0,0,0,0,3,103,100,1,0,1,0,0,0,67,113,1,4,0,0,0,0,23,36,0,5,1,0,0,0,0,0,0,0,1,0,0,0,0,0,0,0,3,0,0,0,4,1,4,4,0,0,0,0,179,107,0,0,0,0,0,132,101,113,86,0,0,0,0,136,68,38,128,5,0,0,0,111,55,50,108,0,0,0,0,1,105,102,0,1,1,0,0,0,67,111,1,5,0,0,0,0,21,31,0,6,1,0,0,0,0,0,0,1,1,0,0,0,0,0,0,0,0,0,0,0,1,0,4,4,0,0,0,0,132,104,0,0,0,0,0,83,142,167,8,0,0,0,0,136,70,102,125,4,0,0,0,111,56,111,108,0,0,0,0,2,107,105,0,0,1,0,0,0,66,60,1,5,1,0,0,0,17,28,0,6,2,0,0,0,0,0,0,1,2,0,0,0,0,0,0,0,1,0,0,0,0,0,2,4,0,0,0,0,16,29,0,0,0,0,0,26,71,48,6,0,0,0,0,16,260,103,0,3,0,0,0,44,213,112,6,0,0,0,0,3,53,45,1,1,0,0,0,0,15,54,4,6,0,0,0,0,0,0,1,1,0,0,0,0,0,0,1,1,1,0,0,0,0,0,0,1,0,0,0,0.3897838981273369,-0.2630630402127325,-0.05528608744484441,0.5540814911768588,-0.23087453881539458,-0.05689758346719138,0.5251009865454548,-0.005770306458871454,-0.06218190156420845
6,0,0,0,1,0,1,0,0,0,0,1,156,221,120,0,0,0,3,134,426,386,328,0,2,137,282,256,287,257,226,196,178,195,239,158,240,201,127,245,197,332,288,2,0,0,1,330,273,342,129,0,0,0,0,260,331,42,0,0,0,1,0,51,107,0,0,0,0,2,1,1,0,1,0,0,1,0,0,0,0,0,0,0,2,1,1,0,0,0,0,1,157,221,120,0,0,0,60,134,425,386,328,0,3,138,283,255,287,257,226,196,178,195,240,157,240,201,128,245,197,331,288,3,0,0,1,331,272,343,130,0,0,0,0,300,331,43,0,0,0,0,0,52,108,0,0,0,0,2,0,2,0,1,0,0,1,0,0,0,0,0,0,0,5,4,1,0,0,0,0,4,197,265,125,0,0,0,63,137,420,384,328,0,44,143,282,256,283,255,226,195,178,195,243,155,239,201,130,244,198,329,287,4,0,0,1,332,271,300,126,0,0,0,0,296,334,42,0,0,0,0,0,52,110,0,0,0,0,3,0,3,0,1,0,0,0,0,0,0,0,0,0,0,4,4,2,0,0,0,0,6,196,264,168,0,0,0,65,137,297,268,251,0,0,24,144,167,104,63,89,26,0,70,147,23,36,29,0,101,68,242,145,0,0,0,0,241,204,21,0,0,0,0,0,125,212,0,0,0,0,0,0,4,41,0,0,0,0,1,0,1,0,0,0,0,0,0,0,0,0,0,0,0,4,6,2,0,0,0,0,6,151,222,101,0,0,0,11,134,338,269,248,0,0,27,143,164,105,66,84,23,0,121,144,18,0,0,0,105,128,202,57,0,0,0,0,193,265,23,0,0,0,0,0,53,80,1,0,0,0,0,0,5,36,0,0,0,0,0,0,2,0,1,0,0,0,0,0,0,0,0,0,0,4,6,2,0,0,0,0,5,86,97,45,0,0,0,0,61,296,334,146,0,0,26,144,63,180,178,81,20,0,216,142,14,0,0,0,106,224,127,53,0,0,0,0,143,265,22,0,0,0,0,0,50,26,0,0,0,0,0,0,5,32,0,0,0,0,0,0,2,0,0,0,0,0,0,0,0,0,0.29413126853970173,-0.2268771884980955,-0.07257837188434536,0.3036348577589238,-0.20915385422688906,-0.05299263809972627
8,0,0,0,0,0,0,2,2,0,0,1,0,0,1,0,0,0,1,2,2,0,0,1,2,0,0,73,152,0,2,0,2,0,0,105,139,0,1,1,0,0,0,1,3,0,1,0,0,0,0,1,3,1,0,0,0,0,0,1,1,0,1,2,2,0,0,1,0,1,0,2,1,0,1,0,1,2,0,1,1,0,0,0,0,0,0,2,2,0,0,0,0,0,2,1,0,0,0,74,188,1,0,0,2,0,2,158,150,136,4,1,0,0,96,107,134,134,4,0,0,0,64,155,130,110,1,1,0,0,0,94,149,2,0,1,0,0,0,1,1,0,2,3,2,0,0,0,0,1,1,2,1,0,0,0,0,0,0,2,1,0,0,0,0,0,1,2,3,0,0,0,0,0,1,1,0,0,0,72,188,46,0,0,3,0,46,155,108,136,7,0,0,0,97,106,65,131,65,0,0,0,67,150,69,111,4,0,0,0,0,97,149,62,0,0,0,0,0,1,3,0,3,3,3,0,0,0,0,0,2,2,2,0,1,0,0,0,0,2,2,0,0,0,0,0,0,2,0,0,0,0,54,0,0,1,1,0,0,120,187,98,0,2,1,0,88,146,102,134,54,1,0,0,101,105,62,121,69,0,0,0,66,144,72,111,8,1,0,0,0,92,150,56,0,0,0,1,0,0,4,0,4,4,1,0,0,0,0,0,2,0,1,2,0,0,0,0,0,2,1,1,0,0,0,0,0,0,0,0,0,0,53,0,0,1,1,0,0,120,185,98,0,1,0,0,90,141,98,133,54,0,0,0,103,104,60,117,69,0,0,0,63,142,76,110,8,0,0,0,0,87,149,52,0,0,0,1,0,0,3,0,4,4,1,0,0,0,0,0,2,0,1,2,0,0,0,0,0,1,1,1,0,0,0,0,0,0,0,0,0,1,54,0,0,0,0,0,0,121,185,98,0,0,0,0,91,137,96,133,54,0,0,0,104,102,59,115,69,0,0,0,59,139,115,110,8,0,0,0,0,82,149,48,0,0,0,2,0,0,3,0,4,4,1,0,0,0,0,0,2,0,0,2,0,0,0,0,0,0,1,2,0,0,0,0,1,0,0,0,0,0,47,0,0,0,0,0,0,118,185,91,0,0,0,0,90,132,94,133,51,0,0,0,104,101,57,112,70,0,0,0,56,137,109,109,9,0,0,0,0,77,149,42,0,0,0,2,0,0,2,0,4,4,0,0,0,0,0,0,2,0,0,0,0,0,0,0,1,0,0,2,0,0,0,0,0,1,0,0,0,0,43,0,0,1,0,0,0,57,184,31,0,0,0,0,20,134,142,133,45,0,0,0,38,179,114,114,18,0,0,0,10,135,159,110,8,0,0,0,0,32,146,39,0,0,0,2,0,0,1,0,2,1,0,0,0,0,0,0,2,0,0,0,0,0,0,0,0,1,0,0.39969038479136815,-0.2698653044921642,-0.06351055047123956,0.4856680256443164,-0.048195286001806836,-0.05711217789317244
11,0,0,0,2,0,0,0,0,0,0,0,0,1,0,0,0,0,0,0,1,0,0,0,1,0,0,0,0,1,2,61,44,0,0,0,0,0,80,279,321,0,0,0,2,2,175,175,177,0,0,107,119,126,121,0,2,2,150,90,82,74,72,3,0,1,263,230,197,1,0,0,0,2,151,257,122,1,0,0,0,0,0,0,2,0,0,0,0,0,0,0,0,1,0,0,0,0,0,0,1,0,0,0,1,0,0,0,0,1,2,61,44,0,0,0,0,0,80,279,321,0,0,0,2,2,175,175,177,0,0,107,119,126,121,0,2,2,150,90,82,74,72,3,0,1,263,230,197,1,0,0,0,2,151,257,122,1,0,0,0,0,0,0,0,0,0,0,0,0,0,0,0,1,0,0,0,0,0,0,0,0,0,0,1,0,0,0,0,0,1,107,49,0,0,0,0,0,130,281,321,0,0,0,76,60,172,113,112,0,78,97,113,131,116,2,1,45,148,83,78,74,69,5,0,45,261,225,193,0,0,0,0,40,146,249,119,0,0,0,0,1,0,0,0,0,0,0,0,0,0,0,0,1,0,0,0,0,0,0,0,0,0,0,0,0,0,0,0,0,1,109,100,0,0,0,0,0,130,281,321,0,0,2,76,60,170,110,109,0,78,91,110,134,114,1,0,43,148,79,78,74,68,5,0,42,261,224,193,0,0,0,0,38,143,195,115,0,0,0,0,1,0,0,0,0,0,0,0,0,0,0,0,0,0,0,0,0,0,0,0,0,0,1,0,0,0,0,0,0,1,153,100,0,0,0,0,0,133,280,321,0,0,5,76,60,168,106,106,1,79,85,107,136,112,0,0,41,148,76,78,72,66,6,0,38,261,228,193,0,0,0,0,36,100,191,60,0,0,0,0,1,0,0,0,0,0,0,0,1,0,0,0,0,0,0,0,1,0,0,0,0,0,1,0,0,0,0,0,0,1,154,100,0,0,0,0,0,135,280,321,0,0,49,76,61,166,103,103,0,81,81,103,137,110,0,0,0,149,76,78,70,64,9,0,0,260,279,193,0,0,0,0,0,97,187,59,0,0,0,0,1,0,0,0,0,0,0,0,1,0,0,0,0,0,0,0,1,0,0,0,0,0,1,0,0,0,0,0,0,1,154,100,0,0,0,0,0,135,280,321,0,0,49,76,61,166,103,103,0,81,81,103,137,110,0,0,0,149,76,78,70,64,9,0,0,260,279,193,0,0,0,0,0,97,187,59,0,0,0,0,0,0,0,0,0,0,0,0,1,0,0,1,0,0,0,0,1,0,0,0,0,0,1,0,0,0,0,0,0,1,149,95,0,0,0,0,0,135,280,321,0,0,43,75,59,164,99,102,0,82,76,99,137,108,0,1,0,151,75,78,67,61,11,0,0,261,274,194,0,0,0,0,0,97,183,60,0,0,0,0,0,0,0,0,0,0,0,0,0,0,0,0,0,0,0,0,0,0,0,0,0,0,0,0,0,0,0,0,0,1,107,50,0,0,0,0,0,133,280,320,0,0,38,72,56,162,99,103,0,80,74,98,136,106,0,2,0,152,74,78,65,58,12,0,0,260,273,195,0,0,0,0,0,96,181,61,0,0,0,0,0,0,0,0,1,0,0,0,0,0,0,0,1,0,1,0,0,0,1,0,1,1,0,0,0,0,0,0,0,3,105,47,0,0,0,0,0,130,282,316,0,0,0,0,13,162,185,198,0,76,75,100,76,108,45,50,0,153,159,122,62,1,14,0,0,178,276,196,0,0,0,0,0,91,112,58,0,0,0,0,0,0,0,0,0,0,1,1,0,0,0,0,0,0,1,1,1,0,0,0,0,0,0,0,0,0,0,0,0,3,20,1,0,0,0,0,0,0,17,22,0,0,7,0,12,26,38,19,0,33,21,24,14,33,22,45,0,9,17,13,12,0,9,1,0,37,18,4,0,0,1,1,0,31,27,12,0,0,1,0,0.38154355856160416,-0.22198356079665368,-0.050794821911834834,0.38453573725861323,-0.23476619782769192,-0.049268682531621734,0.671340981474067,-0.2791200438654095,-0.04619224054150917
7,2,0,0,0,0,0,0,1,0,1,0,0,0,0,2,0,0,0,0,64,51,5,0,0,0,0,69,290,398,218,0,0,70,182,214,300,246,206,0,0,151,227,176,198,164,94,129,75,254,243,23,20,0,44,251,156,302,77,0,0,0,0,309,266,1,0,0,0,0,0,178,236,0,0,1,0,0,1,4,4,1,1,0,0,0,0,0,0,0,0,0,1,0,0,4,0,0,0,1,63,94,7,0,0,0,0,69,354,399,261,0,0,124,185,215,372,289,246,0,59,218,298,237,275,222,139,212,136,294,296,26,143,98,86,253,212,364,196,0,0,0,49,357,268,133,0,0,0,0,0,304,339,1,0,1,0,0,0,57,60,1,1,0,0,0,0,0,0,0,0,0,1,0,1,4,0,0,0,3,64,94,10,0,0,0,0,67,355,403,262,0,0,126,242,272,368,289,245,0,61,220,297,235,272,225,141,212,138,295,296,27,140,99,87,255,214,364,195,0,0,0,48,355,311,134,0,0,0,0,0,302,341,1,0,0,0,0,0,53,59,0,0,0,0,0,0,0,0,0,0,0,0,0,1,4,0,0,0,3,68,95,14,0,0,0,0,66,358,405,263,0,0,169,246,268,360,284,241,0,59,220,293,231,268,226,139,213,142,300,291,25,86,17,81,303,260,362,122,0,0,0,0,353,312,81,0,0,0,0,0,150,156,3,0,0,0,0,0,45,50,0,0,0,0,0,0,0,0,0,0,0,0,0,1,4,0,0,0,3,68,95,14,0,0,0,0,66,358,405,263,0,0,169,246,268,360,284,241,0,59,220,293,231,268,226,139,213,142,300,291,25,86,17,81,303,260,362,122,0,0,0,0,353,312,81,0,0,0,0,0,150,156,3,0,0,0,0,0,45,50,0,0,0,0,0,1,0,0,0,0,0,0,0,2,4,0,0,0,5,66,92,14,0,0,0,0,63,312,361,185,0,0,27,182,202,204,215,177,0,0,67,184,68,72,51,0,90,59,254,151,0,0,0,0,249,214,95,0,0,0,0,0,120,148,9,0,0,0,0,0,16,7,1,0,0,0,0,0,37,0,0,0,0,0,0,1,0,0,0,0,0,0,0,2,3,0,0,0,5,14,22,12,0,0,0,0,0,61,99,60,0,0,7,22,13,151,155,1,0,0,66,34,1,14,33,12,50,35,65,49,0,7,0,3,58,60,28,0,0,0,0,0,39,29,7,0,0,0,0,0,14,5,1,0,0,0,0,1,32,0,0.3083810327662773,-0.21108435874010797,-0.05018173676424706,0.3008651296767335,-0.21323319021487055,-0.06758089805930752
8,0,0,0,0,1,0,0,0,0,0,0,0,0,0,0,0,0,0,0,0,119,227,143,0,0,0,15,30,381,413,423,2,2,237,308,236,312,333,302,235,216,350,329,188,205,271,120,256,231,410,364,106,0,0,0,289,47,274,130,0,0,0,0,120,0,57,1,0,0,0,0,1,0,2,0,0,0,2,0,0,0,0,0,1,0,0,0,0,0,0,0,1,1,0,0,0,0,0,0,0,115,223,140,0,0,0,12,31,379,413,420,0,0,233,304,284,312,332,302,142,215,295,282,192,278,272,219,253,341,347,357,109,60,105,0,289,249,421,317,1,0,0,0,252,3,121,57,1,0,0,0,103,0,3,0,0,0,0,0,1,0,0,0,1,1,0,0,0,0,0,0,1,1,2,1,0,0,0,0,0,115,225,141,0,0,0,65,73,379,413,418,0,0,234,302,283,311,330,302,139,257,293,280,194,276,271,220,251,339,346,354,110,61,107,0,287,201,416,313,1,0,0,0,249,2,69,51,0,0,0,0,99,0,3,0,0,0,0,0,1,0,0,0,1,0,0,0,0,0,0,0,1,1,3,2,1,0,0,0,0,117,267,183,0,0,0,68,76,379,409,415,0,0,237,298,284,306,324,301,138,260,291,279,195,270,272,216,251,282,348,351,108,55,59,0,287,91,278,182,1,0,0,0,244,0,62,8,0,0,0,0,51,1,0,0,0,0,0,0,1,0,0,0,1,0,0,0,0,0,0,0,0,2,5,1,1,0,0,0,0,179,269,185,0,0,0,107,115,380,406,416,0,57,277,301,286,306,322,301,140,260,345,318,195,224,272,104,250,230,391,348,104,0,0,0,287,41,146,94,1,0,0,0,151,0,21,5,0,0,0,0,4,0,0,0,0,0,0,0,0,0,0,0,0,0,0,0,0,0,0,0,0,1,5,1,0,0,0,0,1,133,268,143,0,0,0,103,108,383,404,417,0,51,279,346,285,310,366,300,89,215,401,365,191,175,268,97,188,175,392,340,95,0,0,0,243,38,102,86,1,0,0,0,97,0,21,3,0,0,0,0,4,0,0,0,0,0,0,0,0,0,0,0,0,0,0,0,0,1,0,0,1,0,4,0,0,0,0,4,3,81,114,52,0,0,0,33,49,329,407,235,0,5,217,343,111,312,439,198,46,96,460,407,93,60,98,34,87,80,261,171,53,0,0,0,85,37,45,42,2,0,0,0,45,1,21,3,1,0,0,0,2,1,0,0,0,0,0,0,0,1,0,0,1,0,0,0,0,1,0,0,1,0,2,1,0,0,0,2,2,10,9,5,0,0,0,28,0,11,2,7,0,6,5,21,19,22,34,2,41,13,25,28,6,14,25,30,10,14,26,23,1,0,0,0,15,31,0,0,1,0,0,0,0,1,18,2,1,0,0,0,1,0,0,0,0,0,0,0,0,0.350142628377404,-0.20176999193765183,-0.06223912741679913,0.350142628377404,-0.20176999193765183,-0.06223912741679913
7,0,1,0,1,1,0,2,2,1,1,0,0,0,1,0,0,1,0,1,0,152,67,1,1,0,4,0,118,128,170,4,0,0,0,99,102,53,172,1,1,1,0,82,125,94,135,2,0,1,0,0,113,174,0,0,0,1,0,0,0,57,0,1,0,1,2,2,1,0,0,0,1,1,0,0,0,0,0,1,0,0,1,0,0,1,0,1,3,1,0,1,0,0,1,0,1,1,0,0,46,152,67,0,1,0,4,3,117,124,169,7,0,0,0,100,101,49,170,43,0,1,0,83,123,91,134,2,0,0,0,1,113,174,2,0,0,1,0,1,43,59,0,0,0,1,4,2,0,0,0,0,2,2,0,1,0,0,0,0,2,1,1,0,0,0,0,0,1,3,0,0,1,3,4,0,2,0,0,0,98,150,109,0,0,0,4,49,113,62,163,47,0,0,0,102,97,2,163,40,0,0,0,82,118,84,128,2,0,0,0,0,109,176,2,0,1,0,1,0,36,103,0,0,1,0,8,0,0,0,0,0,2,0,2,0,0,0,0,0,3,1,1,0,0,0,0,0,1,5,0,0,2,7,4,0,1,0,0,0,101,150,109,0,0,0,3,50,111,63,161,47,0,0,0,104,95,4,161,38,0,0,0,80,117,85,126,3,0,0,0,0,107,172,0,0,0,0,1,0,31,43,0,0,1,0,8,0,0,0,0,0,1,0,2,0,0,0,0,0,1,1,2,0,0,0,0,1,1,7,0,0,4,9,3,0,1,0,0,0,103,150,108,0,0,0,4,50,110,64,159,45,0,0,0,104,95,6,158,36,0,0,0,78,117,86,122,3,0,0,1,0,104,124,0,0,0,0,2,0,26,39,0,0,1,0,10,0,0,0,0,1,1,0,3,0,0,0,0,1,1,2,3,0,0,0,0,0,1,6,1,0,4,9,0,0,0,0,0,0,100,152,54,0,0,0,5,47,112,113,158,39,0,0,0,105,97,56,157,31,0,0,0,73,119,89,118,2,0,0,1,0,100,123,0,0,0,0,2,0,18,31,0,0,0,0,11,0,0,0,0,0,1,0,4,0,0,0,0,0,1,1,0,0,0,0,0,0,0,0,1,0,3,7,0,0,0,0,0,0,54,85,13,2,0,0,4,5,159,220,85,34,0,0,0,24,141,141,157,27,0,0,0,21,118,144,114,0,0,0,1,0,23,59,0,0,0,0,1,0,15,27,0,1,0,0,1,0,0,0,0,0,0,0,4,0,0,0,0,1,1,0.388583520641454,-0.2925365658723568,-0.052412723307440866
8,1,0,0,0,1,0,1,1,0,0,1,0,0,0,0,0,0,0,0,134,167,1,0,1,0,1,71,126,127,127,1,0,1,0,130,114,77,161,0,1,1,0,119,128,131,68,0,0,0,0,0,133,108,0,1,1,1,1,0,0,0,1,1,0,0,1,0,1,0,0,0,0,1,0,0,0,2,0,1,1,1,0,0,0,1,0,0,1,0,0,1,0,0,0,0,0,0,0,0,134,167,2,0,1,0,1,71,125,126,127,1,0,1,0,130,112,75,161,0,1,1,0,119,127,129,68,0,0,0,0,1,133,108,0,0,1,1,1,0,0,0,1,1,0,0,2,0,1,0,0,0,0,1,0,0,0,1,0,1,1,1,0,0,0,1,0,1,1,0,0,0,1,1,0,0,0,0,0,0,136,166,55,0,0,0,1,72,120,122,128,2,0,1,0,130,107,71,162,0,1,0,0,116,124,125,67,1,0,0,0,2,130,108,0,1,1,1,1,0,1,0,0,2,0,0,4,0,0,0,0,1,0,2,0,0,0,0,0,1,1,1,1,0,0,0,0,0,1,7,1,0,55,44,0,0,1,0,0,0,140,162,56,0,0,0,3,115,110,114,133,5,0,0,0,134,99,66,163,0,0,0,0,111,120,121,65,1,0,1,0,1,124,106,0,2,2,1,2,0,0,0,0,3,0,1,5,0,0,0,0,1,1,2,0,0,0,0,0,1,3,1,2,0,0,0,0,1,1,9,2,0,54,48,0,0,1,0,0,0,143,159,58,0,0,0,5,116,106,110,136,6,0,0,0,135,96,63,164,0,0,0,0,107,119,119,63,0,0,1,0,0,121,103,0,2,0,1,3,0,0,0,0,4,0,0,6,0,0,0,0,1,0,2,1,0,0,0,0,2,0,1,2,0,0,0,0,0,1,11,3,0,55,50,0,0,1,0,0,0,145,157,56,0,0,0,6,116,103,107,137,6,0,0,0,136,94,60,163,0,0,0,0,105,119,118,59,0,0,1,0,0,119,100,0,1,0,1,3,0,0,0,0,4,0,0,7,0,0,0,0,0,0,2,1,0,0,0,0,0,0,2,2,0,0,0,0,1,2,14,3,0,49,46,0,0,2,0,0,1,148,156,51,0,0,0,7,114,99,103,138,7,0,0,0,137,91,57,163,0,0,0,0,99,118,118,54,0,0,2,1,0,113,98,0,0,1,2,4,0,0,0,0,5,1,1,8,0,0,0,0,1,0,1,2,0,0,0,0,0,1,1,2,0,0,0,0,1,2,1,1,0,45,40,0,0,2,0,0,0,147,155,47,0,0,0,7,72,150,105,135,6,0,0,0,135,94,100,162,0,0,0,0,46,120,121,53,0,0,0,1,0,63,95,0,0,1,1,3,0,0,0,0,4,1,0,8,0,0,0,0,0,0,1,2,0,0,0,0,0,1,0.3972237717812152,-0.27932328333290113,-0.06024200302812618,0.3971039056292748,-0.2784193755850362,-0.06024200302812618,0.6390055621644827,-0.07043445709056684,-0.0733786476301932
